job_id,value_head,seed,variant,policy_score,matched_top20_score,score,total,pw_minus_policy,pw_minus_top20,val_valid,val_invalid,elapsed,source_evaluation_log,source_validation_log,status
20667976,off,1963100312,safe_pw_alpha0p65,11,10,9,20,-2,-1,9,0,07:02:43,/home/hersco/training_new_domains/2026-08-28/mcts_pw_safe_sensitivity/20667976_pw-safe-drone-off-1963100312-safe_pw_alpha0p65.txt,/home/hersco/training_new_domains/2026-08-28/mcts_pw_safe_sensitivity/pw-safe-drone-off-1963100312-safe_pw_alpha0p65_20667976.out,terminal_val_confirmed
20667978,off,2011206605,safe_pw_baseline,5,7,6,20,1,-1,6,0,08:32:25,/home/hersco/training_new_domains/2026-08-28/mcts_pw_safe_sensitivity/20667978_pw-safe-drone-off-2011206605-safe_pw_baseline.txt,/home/hersco/training_new_domains/2026-08-28/mcts_pw_safe_sensitivity/pw-safe-drone-off-2011206605-safe_pw_baseline_20667978.out,terminal_val_confirmed
20667980,off,2011206605,safe_pw_alpha0p65,5,7,6,20,1,-1,6,0,07:41:23,/home/hersco/training_new_domains/2026-08-28/mcts_pw_safe_sensitivity/20667980_pw-safe-drone-off-2011206605-safe_pw_alpha0p65.txt,/home/hersco/training_new_domains/2026-08-28/mcts_pw_safe_sensitivity/pw-safe-drone-off-2011206605-safe_pw_alpha0p65_20667980.out,terminal_val_confirmed
20667981,off,2011206605,safe_pw_iter140,5,7,6,20,1,-1,6,0,08:00:46,/home/hersco/training_new_domains/2026-08-28/mcts_pw_safe_sensitivity/20667981_pw-safe-drone-off-2011206605-safe_pw_iter140.txt,/home/hersco/training_new_domains/2026-08-28/mcts_pw_safe_sensitivity/pw-safe-drone-off-2011206605-safe_pw_iter140_20667981.out,terminal_val_confirmed
20667982,on,1963100312,safe_pw_baseline,2,3,2,20,0,-1,2,0,07:15:10,/home/hersco/training_new_domains/2026-08-28/mcts_pw_safe_sensitivity/20667982_pw-safe-drone-on-1963100312-safe_pw_baseline.txt,/home/hersco/training_new_domains/2026-08-28/mcts_pw_safe_sensitivity/pw-safe-drone-on-1963100312-safe_pw_baseline_20667982.out,terminal_val_confirmed
20667984,on,1963100312,safe_pw_alpha0p65,2,3,3,20,1,0,3,0,01:40:24,/home/hersco/training_new_domains/2026-08-28/mcts_pw_safe_sensitivity/20667984_pw-safe-drone-on-1963100312-safe_pw_alpha0p65.txt,/home/hersco/training_new_domains/2026-08-28/mcts_pw_safe_sensitivity/pw-safe-drone-on-1963100312-safe_pw_alpha0p65_20667984.out,terminal_val_confirmed
20667985,on,1963100312,safe_pw_iter140,2,3,2,20,0,-1,2,0,05:43:53,/home/hersco/training_new_domains/2026-08-28/mcts_pw_safe_sensitivity/20667985_pw-safe-drone-on-1963100312-safe_pw_iter140.txt,/home/hersco/training_new_domains/2026-08-28/mcts_pw_safe_sensitivity/pw-safe-drone-on-1963100312-safe_pw_iter140_20667985.out,terminal_val_confirmed
20667987,on,2011206605,safe_pw_kmin3,6,8,10,20,4,2,10,0,08:24:39,/home/hersco/training_new_domains/2026-08-28/mcts_pw_safe_sensitivity/20667987_pw-safe-drone-on-2011206605-safe_pw_kmin3.txt,/home/hersco/training_new_domains/2026-08-28/mcts_pw_safe_sensitivity/pw-safe-drone-on-2011206605-safe_pw_kmin3_20667987.out,terminal_val_confirmed
20667988,on,2011206605,safe_pw_alpha0p65,6,8,7,20,1,-1,7,0,07:31:41,/home/hersco/training_new_domains/2026-08-28/mcts_pw_safe_sensitivity/20667988_pw-safe-drone-on-2011206605-safe_pw_alpha0p65.txt,/home/hersco/training_new_domains/2026-08-28/mcts_pw_safe_sensitivity/pw-safe-drone-on-2011206605-safe_pw_alpha0p65_20667988.out,terminal_val_confirmed
20684753,on,1239739722,safe_pw_kmin3,3,6,5,20,2,-1,5,0,01:29:38,/home/hersco/training_new_domains/2026-08-28/mcts_pw_safe_sensitivity/20684753_pw-safe-drone-on-1239739722-safe_pw_kmin3_ext.txt,/home/hersco/training_new_domains/2026-08-28/mcts_pw_safe_sensitivity/pw-safe-drone-on-1239739722-safe_pw_kmin3_ext_20684753.out,terminal_val_confirmed
20684748,off,1073581256,safe_pw_kmin3,5,6,6,20,1,0,6,0,10:54:09,/home/hersco/training_new_domains/2026-08-28/mcts_pw_safe_sensitivity/20684748_pw-safe-drone-off-1073581256-safe_pw_kmin3_ext.txt,/home/hersco/training_new_domains/2026-08-28/mcts_pw_safe_sensitivity/pw-safe-drone-off-1073581256-safe_pw_kmin3_ext_20684748.out,terminal_val_confirmed
20684749,off,1239739722,safe_pw_kmin3,5,8,6,20,1,-2,6,0,09:28:13,/home/hersco/training_new_domains/2026-08-28/mcts_pw_safe_sensitivity/20684749_pw-safe-drone-off-1239739722-safe_pw_kmin3_ext.txt,/home/hersco/training_new_domains/2026-08-28/mcts_pw_safe_sensitivity/pw-safe-drone-off-1239739722-safe_pw_kmin3_ext_20684749.out,terminal_val_confirmed
20684750,off,1472491096,safe_pw_kmin3,10,11,12,20,2,1,12,0,12:05:47,/home/hersco/training_new_domains/2026-08-28/mcts_pw_safe_sensitivity/20684750_pw-safe-drone-off-1472491096-safe_pw_kmin3_ext.txt,/home/hersco/training_new_domains/2026-08-28/mcts_pw_safe_sensitivity/pw-safe-drone-off-1472491096-safe_pw_kmin3_ext_20684750.out,terminal_val_confirmed
20684751,off,534933607,safe_pw_kmin3,11,10,11,20,0,1,11,0,11:30:10,/home/hersco/training_new_domains/2026-08-28/mcts_pw_safe_sensitivity/20684751_pw-safe-drone-off-534933607-safe_pw_kmin3_ext.txt,/home/hersco/training_new_domains/2026-08-28/mcts_pw_safe_sensitivity/pw-safe-drone-off-534933607-safe_pw_kmin3_ext_20684751.out,terminal_val_confirmed
20684752,on,1073581256,safe_pw_kmin3,7,16,14,20,7,-2,14,0,12:07:41,/home/hersco/training_new_domains/2026-08-28/mcts_pw_safe_sensitivity/20684752_pw-safe-drone-on-1073581256-safe_pw_kmin3_ext.txt,/home/hersco/training_new_domains/2026-08-28/mcts_pw_safe_sensitivity/pw-safe-drone-on-1073581256-safe_pw_kmin3_ext_20684752.out,terminal_val_confirmed
20684754,on,1472491096,safe_pw_kmin3,4,11,7,20,3,-4,7,0,10:13:33,/home/hersco/training_new_domains/2026-08-28/mcts_pw_safe_sensitivity/20684754_pw-safe-drone-on-1472491096-safe_pw_kmin3_ext.txt,/home/hersco/training_new_domains/2026-08-28/mcts_pw_safe_sensitivity/pw-safe-drone-on-1472491096-safe_pw_kmin3_ext_20684754.out,terminal_val_confirmed
20684755,on,534933607,safe_pw_kmin3,11,16,15,20,4,-1,15,0,12:05:38,/home/hersco/training_new_domains/2026-08-28/mcts_pw_safe_sensitivity/20684755_pw-safe-drone-on-534933607-safe_pw_kmin3_ext.txt,/home/hersco/training_new_domains/2026-08-28/mcts_pw_safe_sensitivity/pw-safe-drone-on-534933607-safe_pw_kmin3_ext_20684755.out,terminal_val_confirmed
