job_id,job_name,domain,value_head,seed,tag,source_training_job_id,snapshot_epoch,analysis_roles,slurm_state,exit_code,elapsed,successes,total,val_valid,val_invalid,classified_instances,successful_instance_runtime_seconds,source_evaluation_log,source_training_log
20720645,Ev_zenotravel_zenotravel_mcts_orig_novh_c.1_s534933607_K0_P4ZENOTRAVELS2P_src20630369_e0004,zenotravel,off,534933607,P4ZENOTRAVELS2P,20630369,4,stage2_policy_curve;stage2_validation_selected_policy,COMPLETED,0:0,00:12:34,20,20,20,0,0,,/home/hersco/training_new_domains/2026-08-30/preserve4_zenotravel_stage2_policy_eval/20720645_Ev_zenotravel_zenotravel_mcts_orig_novh_c.1_s534933607_K0_P4ZENOTRAVELS2P_src20630369_e0004.txt,/home/hersco/training_new_domains/2026-08-27/preserve4_zenotravel_stage2_confirmation/20630369_Re-Tr_zenotravel_zenotravel_mcts_orig_novh_e.5_c.1_s534933607_K0_P4S2A30_src20523092.txt
20720646,Ev_zenotravel_zenotravel_mcts_orig_novh_c.1_s923500475_K0_P4ZENOTRAVELS2P_src20630370_e0001,zenotravel,off,923500475,P4ZENOTRAVELS2P,20630370,1,stage2_policy_curve;stage2_validation_selected_policy,COMPLETED,0:0,00:11:05,20,20,20,0,0,,/home/hersco/training_new_domains/2026-08-30/preserve4_zenotravel_stage2_policy_eval/20720646_Ev_zenotravel_zenotravel_mcts_orig_novh_c.1_s923500475_K0_P4ZENOTRAVELS2P_src20630370_e0001.txt,/home/hersco/training_new_domains/2026-08-27/preserve4_zenotravel_stage2_confirmation/20630370_Re-Tr_zenotravel_zenotravel_mcts_orig_novh_e.5_c.1_s923500475_K0_P4S2A30_src20523095.txt
20720647,Ev_zenotravel_zenotravel_mcts_orig_novh_c.1_s1073581256_K0_P4ZENOTRAVELS2P_src20630371_e0008,zenotravel,off,1073581256,P4ZENOTRAVELS2P,20630371,8,stage2_policy_curve;stage2_validation_selected_policy,COMPLETED,0:0,00:10:54,20,20,20,0,0,,/home/hersco/training_new_domains/2026-08-30/preserve4_zenotravel_stage2_policy_eval/20720647_Ev_zenotravel_zenotravel_mcts_orig_novh_c.1_s1073581256_K0_P4ZENOTRAVELS2P_src20630371_e0008.txt,/home/hersco/training_new_domains/2026-08-27/preserve4_zenotravel_stage2_confirmation/20630371_Re-Tr_zenotravel_zenotravel_mcts_orig_novh_e.5_c.1_s1073581256_K0_P4S2A30_src20523089.txt
20720648,Ev_zenotravel_zenotravel_mcts_orig_novh_c.1_s1239739722_K0_P4ZENOTRAVELS2P_src20630372_e0007,zenotravel,off,1239739722,P4ZENOTRAVELS2P,20630372,7,stage2_policy_curve;stage2_validation_selected_policy,COMPLETED,0:0,00:13:38,20,20,20,0,0,,/home/hersco/training_new_domains/2026-08-30/preserve4_zenotravel_stage2_policy_eval/20720648_Ev_zenotravel_zenotravel_mcts_orig_novh_c.1_s1239739722_K0_P4ZENOTRAVELS2P_src20630372_e0007.txt,/home/hersco/training_new_domains/2026-08-27/preserve4_zenotravel_stage2_confirmation/20630372_Re-Tr_zenotravel_zenotravel_mcts_orig_novh_e.5_c.1_s1239739722_K0_P4S2A30_src20523090.txt
20720649,Ev_zenotravel_zenotravel_mcts_orig_novh_c.1_s1472491096_K0_P4ZENOTRAVELS2P_src20630373_e0083,zenotravel,off,1472491096,P4ZENOTRAVELS2P,20630373,83,stage2_policy_curve;stage2_validation_selected_policy,COMPLETED,0:0,00:14:51,20,20,20,0,0,,/home/hersco/training_new_domains/2026-08-30/preserve4_zenotravel_stage2_policy_eval/20720649_Ev_zenotravel_zenotravel_mcts_orig_novh_c.1_s1472491096_K0_P4ZENOTRAVELS2P_src20630373_e0083.txt,/home/hersco/training_new_domains/2026-08-27/preserve4_zenotravel_stage2_confirmation/20630373_Re-Tr_zenotravel_zenotravel_mcts_orig_novh_e.5_c.1_s1472491096_K0_P4S2A30_src20523091.txt
20720650,Ev_zenotravel_zenotravel_mcts_orig_novh_c.1_s1510771779_K0_P4ZENOTRAVELS2P_src20630374_e0000,zenotravel,off,1510771779,P4ZENOTRAVELS2P,20630374,0,stage2_policy_curve;stage2_validation_selected_policy,COMPLETED,0:0,00:15:17,20,20,20,0,0,,/home/hersco/training_new_domains/2026-08-30/preserve4_zenotravel_stage2_policy_eval/20720650_Ev_zenotravel_zenotravel_mcts_orig_novh_c.1_s1510771779_K0_P4ZENOTRAVELS2P_src20630374_e0000.txt,/home/hersco/training_new_domains/2026-08-27/preserve4_zenotravel_stage2_confirmation/20630374_Re-Tr_zenotravel_zenotravel_mcts_orig_novh_e.5_c.1_s1510771779_K0_P4S2A30_src20523094.txt
20720661,Ev_zenotravel_zenotravel_mcts_orig_novh_c.1_s1963100312_K0_P4ZENOTRAVELS2P_src20595779_e0000,zenotravel,off,1963100312,P4ZENOTRAVELS2P,20595779,0,stage2_policy_curve,COMPLETED,0:0,00:12:35,20,20,20,0,0,,/home/hersco/training_new_domains/2026-08-30/preserve4_zenotravel_stage2_policy_eval/20720661_Ev_zenotravel_zenotravel_mcts_orig_novh_c.1_s1963100312_K0_P4ZENOTRAVELS2P_src20595779_e0000.txt,/home/hersco/training_new_domains/2026-08-26/completed_domains_anchor_tuning_stage2_continuations/20595779_Re-Tr_zenotravel_zenotravel_mcts_orig_novh_e.5_c.1_s1963100312_K0_CD4ATQCONT_src20553987_ce0072_a30.txt
20720662,Ev_zenotravel_zenotravel_mcts_orig_novh_c.1_s1963100312_K0_P4ZENOTRAVELS2P_src20595779_e0005,zenotravel,off,1963100312,P4ZENOTRAVELS2P,20595779,5,stage2_policy_curve,COMPLETED,0:0,00:10:24,20,20,20,0,0,,/home/hersco/training_new_domains/2026-08-30/preserve4_zenotravel_stage2_policy_eval/20720662_Ev_zenotravel_zenotravel_mcts_orig_novh_c.1_s1963100312_K0_P4ZENOTRAVELS2P_src20595779_e0005.txt,/home/hersco/training_new_domains/2026-08-26/completed_domains_anchor_tuning_stage2_continuations/20595779_Re-Tr_zenotravel_zenotravel_mcts_orig_novh_e.5_c.1_s1963100312_K0_CD4ATQCONT_src20553987_ce0072_a30.txt
20720663,Ev_zenotravel_zenotravel_mcts_orig_novh_c.1_s1963100312_K0_P4ZENOTRAVELS2P_src20595779_e0010,zenotravel,off,1963100312,P4ZENOTRAVELS2P,20595779,10,stage2_policy_curve,COMPLETED,0:0,00:11:55,20,20,20,0,0,,/home/hersco/training_new_domains/2026-08-30/preserve4_zenotravel_stage2_policy_eval/20720663_Ev_zenotravel_zenotravel_mcts_orig_novh_c.1_s1963100312_K0_P4ZENOTRAVELS2P_src20595779_e0010.txt,/home/hersco/training_new_domains/2026-08-26/completed_domains_anchor_tuning_stage2_continuations/20595779_Re-Tr_zenotravel_zenotravel_mcts_orig_novh_e.5_c.1_s1963100312_K0_CD4ATQCONT_src20553987_ce0072_a30.txt
20720664,Ev_zenotravel_zenotravel_mcts_orig_novh_c.1_s1963100312_K0_P4ZENOTRAVELS2P_src20595779_e0015,zenotravel,off,1963100312,P4ZENOTRAVELS2P,20595779,15,stage2_policy_curve,COMPLETED,0:0,00:08:44,20,20,20,0,0,,/home/hersco/training_new_domains/2026-08-30/preserve4_zenotravel_stage2_policy_eval/20720664_Ev_zenotravel_zenotravel_mcts_orig_novh_c.1_s1963100312_K0_P4ZENOTRAVELS2P_src20595779_e0015.txt,/home/hersco/training_new_domains/2026-08-26/completed_domains_anchor_tuning_stage2_continuations/20595779_Re-Tr_zenotravel_zenotravel_mcts_orig_novh_e.5_c.1_s1963100312_K0_CD4ATQCONT_src20553987_ce0072_a30.txt
20720665,Ev_zenotravel_zenotravel_mcts_orig_novh_c.1_s1963100312_K0_P4ZENOTRAVELS2P_src20595779_e0020,zenotravel,off,1963100312,P4ZENOTRAVELS2P,20595779,20,stage2_policy_curve,COMPLETED,0:0,00:08:56,20,20,20,0,0,,/home/hersco/training_new_domains/2026-08-30/preserve4_zenotravel_stage2_policy_eval/20720665_Ev_zenotravel_zenotravel_mcts_orig_novh_c.1_s1963100312_K0_P4ZENOTRAVELS2P_src20595779_e0020.txt,/home/hersco/training_new_domains/2026-08-26/completed_domains_anchor_tuning_stage2_continuations/20595779_Re-Tr_zenotravel_zenotravel_mcts_orig_novh_e.5_c.1_s1963100312_K0_CD4ATQCONT_src20553987_ce0072_a30.txt
20720666,Ev_zenotravel_zenotravel_mcts_orig_novh_c.1_s1963100312_K0_P4ZENOTRAVELS2P_src20595779_e0025,zenotravel,off,1963100312,P4ZENOTRAVELS2P,20595779,25,stage2_policy_curve,COMPLETED,0:0,00:13:13,20,20,20,0,0,,/home/hersco/training_new_domains/2026-08-30/preserve4_zenotravel_stage2_policy_eval/20720666_Ev_zenotravel_zenotravel_mcts_orig_novh_c.1_s1963100312_K0_P4ZENOTRAVELS2P_src20595779_e0025.txt,/home/hersco/training_new_domains/2026-08-26/completed_domains_anchor_tuning_stage2_continuations/20595779_Re-Tr_zenotravel_zenotravel_mcts_orig_novh_e.5_c.1_s1963100312_K0_CD4ATQCONT_src20553987_ce0072_a30.txt
20720667,Ev_zenotravel_zenotravel_mcts_orig_novh_c.1_s1963100312_K0_P4ZENOTRAVELS2P_src20595779_e0026,zenotravel,off,1963100312,P4ZENOTRAVELS2P,20595779,26,stage2_policy_curve;stage2_final_policy,COMPLETED,0:0,00:12:24,20,20,20,0,0,,/home/hersco/training_new_domains/2026-08-30/preserve4_zenotravel_stage2_policy_eval/20720667_Ev_zenotravel_zenotravel_mcts_orig_novh_c.1_s1963100312_K0_P4ZENOTRAVELS2P_src20595779_e0026.txt,/home/hersco/training_new_domains/2026-08-26/completed_domains_anchor_tuning_stage2_continuations/20595779_Re-Tr_zenotravel_zenotravel_mcts_orig_novh_e.5_c.1_s1963100312_K0_CD4ATQCONT_src20553987_ce0072_a30.txt
20720651,Ev_zenotravel_zenotravel_mcts_orig_novh_c.1_s1972442430_K0_P4ZENOTRAVELS2P_src20630375_e0000,zenotravel,off,1972442430,P4ZENOTRAVELS2P,20630375,0,stage2_policy_curve;stage2_validation_selected_policy,COMPLETED,0:0,00:12:12,20,20,20,0,0,,/home/hersco/training_new_domains/2026-08-30/preserve4_zenotravel_stage2_policy_eval/20720651_Ev_zenotravel_zenotravel_mcts_orig_novh_c.1_s1972442430_K0_P4ZENOTRAVELS2P_src20630375_e0000.txt,/home/hersco/training_new_domains/2026-08-27/preserve4_zenotravel_stage2_confirmation/20630375_Re-Tr_zenotravel_zenotravel_mcts_orig_novh_e.5_c.1_s1972442430_K0_P4S2A30_src20523096.txt
20720668,Ev_zenotravel_zenotravel_mcts_orig_novh_c.1_s2011206605_K0_P4ZENOTRAVELS2P_src20595785_e0000,zenotravel,off,2011206605,P4ZENOTRAVELS2P,20595785,0,stage2_policy_curve,COMPLETED,0:0,00:11:22,20,20,20,0,0,,/home/hersco/training_new_domains/2026-08-30/preserve4_zenotravel_stage2_policy_eval/20720668_Ev_zenotravel_zenotravel_mcts_orig_novh_c.1_s2011206605_K0_P4ZENOTRAVELS2P_src20595785_e0000.txt,/home/hersco/training_new_domains/2026-08-26/completed_domains_anchor_tuning_stage2_continuations/20595785_Re-Tr_zenotravel_zenotravel_mcts_orig_novh_e.5_c.1_s2011206605_K0_CD4ATQCONT_src20553995_ce0074_a30.txt
20720669,Ev_zenotravel_zenotravel_mcts_orig_novh_c.1_s2011206605_K0_P4ZENOTRAVELS2P_src20595785_e0001,zenotravel,off,2011206605,P4ZENOTRAVELS2P,20595785,1,stage2_policy_curve;stage2_validation_selected_policy,COMPLETED,0:0,00:11:24,20,20,20,0,0,,/home/hersco/training_new_domains/2026-08-30/preserve4_zenotravel_stage2_policy_eval/20720669_Ev_zenotravel_zenotravel_mcts_orig_novh_c.1_s2011206605_K0_P4ZENOTRAVELS2P_src20595785_e0001.txt,/home/hersco/training_new_domains/2026-08-26/completed_domains_anchor_tuning_stage2_continuations/20595785_Re-Tr_zenotravel_zenotravel_mcts_orig_novh_e.5_c.1_s2011206605_K0_CD4ATQCONT_src20553995_ce0074_a30.txt
20720670,Ev_zenotravel_zenotravel_mcts_orig_novh_c.1_s2011206605_K0_P4ZENOTRAVELS2P_src20595785_e0005,zenotravel,off,2011206605,P4ZENOTRAVELS2P,20595785,5,stage2_policy_curve,COMPLETED,0:0,00:08:48,20,20,20,0,0,,/home/hersco/training_new_domains/2026-08-30/preserve4_zenotravel_stage2_policy_eval/20720670_Ev_zenotravel_zenotravel_mcts_orig_novh_c.1_s2011206605_K0_P4ZENOTRAVELS2P_src20595785_e0005.txt,/home/hersco/training_new_domains/2026-08-26/completed_domains_anchor_tuning_stage2_continuations/20595785_Re-Tr_zenotravel_zenotravel_mcts_orig_novh_e.5_c.1_s2011206605_K0_CD4ATQCONT_src20553995_ce0074_a30.txt
20720671,Ev_zenotravel_zenotravel_mcts_orig_novh_c.1_s2011206605_K0_P4ZENOTRAVELS2P_src20595785_e0010,zenotravel,off,2011206605,P4ZENOTRAVELS2P,20595785,10,stage2_policy_curve,COMPLETED,0:0,00:07:22,20,20,20,0,0,,/home/hersco/training_new_domains/2026-08-30/preserve4_zenotravel_stage2_policy_eval/20720671_Ev_zenotravel_zenotravel_mcts_orig_novh_c.1_s2011206605_K0_P4ZENOTRAVELS2P_src20595785_e0010.txt,/home/hersco/training_new_domains/2026-08-26/completed_domains_anchor_tuning_stage2_continuations/20595785_Re-Tr_zenotravel_zenotravel_mcts_orig_novh_e.5_c.1_s2011206605_K0_CD4ATQCONT_src20553995_ce0074_a30.txt
20720672,Ev_zenotravel_zenotravel_mcts_orig_novh_c.1_s2011206605_K0_P4ZENOTRAVELS2P_src20595785_e0015,zenotravel,off,2011206605,P4ZENOTRAVELS2P,20595785,15,stage2_policy_curve,COMPLETED,0:0,00:13:47,20,20,20,0,0,,/home/hersco/training_new_domains/2026-08-30/preserve4_zenotravel_stage2_policy_eval/20720672_Ev_zenotravel_zenotravel_mcts_orig_novh_c.1_s2011206605_K0_P4ZENOTRAVELS2P_src20595785_e0015.txt,/home/hersco/training_new_domains/2026-08-26/completed_domains_anchor_tuning_stage2_continuations/20595785_Re-Tr_zenotravel_zenotravel_mcts_orig_novh_e.5_c.1_s2011206605_K0_CD4ATQCONT_src20553995_ce0074_a30.txt
20720673,Ev_zenotravel_zenotravel_mcts_orig_novh_c.1_s2011206605_K0_P4ZENOTRAVELS2P_src20595785_e0020,zenotravel,off,2011206605,P4ZENOTRAVELS2P,20595785,20,stage2_policy_curve,COMPLETED,0:0,00:10:59,20,20,20,0,0,,/home/hersco/training_new_domains/2026-08-30/preserve4_zenotravel_stage2_policy_eval/20720673_Ev_zenotravel_zenotravel_mcts_orig_novh_c.1_s2011206605_K0_P4ZENOTRAVELS2P_src20595785_e0020.txt,/home/hersco/training_new_domains/2026-08-26/completed_domains_anchor_tuning_stage2_continuations/20595785_Re-Tr_zenotravel_zenotravel_mcts_orig_novh_e.5_c.1_s2011206605_K0_CD4ATQCONT_src20553995_ce0074_a30.txt
20720674,Ev_zenotravel_zenotravel_mcts_orig_novh_c.1_s2011206605_K0_P4ZENOTRAVELS2P_src20595785_e0024,zenotravel,off,2011206605,P4ZENOTRAVELS2P,20595785,24,stage2_policy_curve;stage2_final_policy,COMPLETED,0:0,00:11:03,20,20,20,0,0,,/home/hersco/training_new_domains/2026-08-30/preserve4_zenotravel_stage2_policy_eval/20720674_Ev_zenotravel_zenotravel_mcts_orig_novh_c.1_s2011206605_K0_P4ZENOTRAVELS2P_src20595785_e0024.txt,/home/hersco/training_new_domains/2026-08-26/completed_domains_anchor_tuning_stage2_continuations/20595785_Re-Tr_zenotravel_zenotravel_mcts_orig_novh_e.5_c.1_s2011206605_K0_CD4ATQCONT_src20553995_ce0074_a30.txt
20720652,Ev_zenotravel_zenotravel_mcts_orig_novh_c.1_s2082152039_K0_P4ZENOTRAVELS2P_src20630376_e0000,zenotravel,off,2082152039,P4ZENOTRAVELS2P,20630376,0,stage2_policy_curve;stage2_validation_selected_policy,COMPLETED,0:0,00:14:26,20,20,20,0,0,,/home/hersco/training_new_domains/2026-08-30/preserve4_zenotravel_stage2_policy_eval/20720652_Ev_zenotravel_zenotravel_mcts_orig_novh_c.1_s2082152039_K0_P4ZENOTRAVELS2P_src20630376_e0000.txt,/home/hersco/training_new_domains/2026-08-27/preserve4_zenotravel_stage2_confirmation/20630376_Re-Tr_zenotravel_zenotravel_mcts_orig_novh_e.5_c.1_s2082152039_K0_P4S2A30_src20523093.txt
20720653,Ev_zenotravel_zenotravel_mcts_orig_vh_c.1_s534933607_K0_P4ZENOTRAVELS2P_src20630378_e0085,zenotravel,on,534933607,P4ZENOTRAVELS2P,20630378,85,stage2_policy_curve;stage2_validation_selected_policy,COMPLETED,0:0,00:11:42,20,20,20,0,0,,/home/hersco/training_new_domains/2026-08-30/preserve4_zenotravel_stage2_policy_eval/20720653_Ev_zenotravel_zenotravel_mcts_orig_vh_c.1_s534933607_K0_P4ZENOTRAVELS2P_src20630378_e0085.txt,/home/hersco/training_new_domains/2026-08-27/preserve4_zenotravel_stage2_confirmation/20630378_Re-Tr_zenotravel_zenotravel_mcts_orig_vh_e.5_c.1_s534933607_K0_P4S2A0p3_src20523080.txt
20720654,Ev_zenotravel_zenotravel_mcts_orig_vh_c.1_s923500475_K0_P4ZENOTRAVELS2P_src20630379_e0037,zenotravel,on,923500475,P4ZENOTRAVELS2P,20630379,37,stage2_policy_curve;stage2_validation_selected_policy,COMPLETED,0:0,00:12:53,20,20,20,0,0,,/home/hersco/training_new_domains/2026-08-30/preserve4_zenotravel_stage2_policy_eval/20720654_Ev_zenotravel_zenotravel_mcts_orig_vh_c.1_s923500475_K0_P4ZENOTRAVELS2P_src20630379_e0037.txt,/home/hersco/training_new_domains/2026-08-27/preserve4_zenotravel_stage2_confirmation/20630379_Re-Tr_zenotravel_zenotravel_mcts_orig_vh_e.5_c.1_s923500475_K0_P4S2A0p3_src20523084.txt
20720655,Ev_zenotravel_zenotravel_mcts_orig_vh_c.1_s1073581256_K0_P4ZENOTRAVELS2P_src20630380_e0000,zenotravel,on,1073581256,P4ZENOTRAVELS2P,20630380,0,stage2_policy_curve;stage2_validation_selected_policy,COMPLETED,0:0,00:12:49,20,20,20,0,0,,/home/hersco/training_new_domains/2026-08-30/preserve4_zenotravel_stage2_policy_eval/20720655_Ev_zenotravel_zenotravel_mcts_orig_vh_c.1_s1073581256_K0_P4ZENOTRAVELS2P_src20630380_e0000.txt,/home/hersco/training_new_domains/2026-08-27/preserve4_zenotravel_stage2_confirmation/20630380_Re-Tr_zenotravel_zenotravel_mcts_orig_vh_e.5_c.1_s1073581256_K0_P4S2A0p3_src20523072.txt
20720656,Ev_zenotravel_zenotravel_mcts_orig_vh_c.1_s1239739722_K0_P4ZENOTRAVELS2P_src20630381_e0012,zenotravel,on,1239739722,P4ZENOTRAVELS2P,20630381,12,stage2_policy_curve;stage2_validation_selected_policy,COMPLETED,0:0,01:03:21,19,20,19,0,0,,/home/hersco/training_new_domains/2026-08-30/preserve4_zenotravel_stage2_policy_eval/20720656_Ev_zenotravel_zenotravel_mcts_orig_vh_c.1_s1239739722_K0_P4ZENOTRAVELS2P_src20630381_e0012.txt,/home/hersco/training_new_domains/2026-08-27/preserve4_zenotravel_stage2_confirmation/20630381_Re-Tr_zenotravel_zenotravel_mcts_orig_vh_e.5_c.1_s1239739722_K0_P4S2A0p3_src20523074.txt
20720657,Ev_zenotravel_zenotravel_mcts_orig_vh_c.1_s1472491096_K0_P4ZENOTRAVELS2P_src20630382_e0000,zenotravel,on,1472491096,P4ZENOTRAVELS2P,20630382,0,stage2_policy_curve;stage2_validation_selected_policy,COMPLETED,0:0,00:12:54,20,20,20,0,0,,/home/hersco/training_new_domains/2026-08-30/preserve4_zenotravel_stage2_policy_eval/20720657_Ev_zenotravel_zenotravel_mcts_orig_vh_c.1_s1472491096_K0_P4ZENOTRAVELS2P_src20630382_e0000.txt,/home/hersco/training_new_domains/2026-08-27/preserve4_zenotravel_stage2_confirmation/20630382_Re-Tr_zenotravel_zenotravel_mcts_orig_vh_e.5_c.1_s1472491096_K0_P4S2A0p3_src20523077.txt
20720658,Ev_zenotravel_zenotravel_mcts_orig_vh_c.1_s1510771779_K0_P4ZENOTRAVELS2P_src20630383_e0010,zenotravel,on,1510771779,P4ZENOTRAVELS2P,20630383,10,stage2_policy_curve;stage2_validation_selected_policy,COMPLETED,0:0,00:10:41,20,20,20,0,0,,/home/hersco/training_new_domains/2026-08-30/preserve4_zenotravel_stage2_policy_eval/20720658_Ev_zenotravel_zenotravel_mcts_orig_vh_c.1_s1510771779_K0_P4ZENOTRAVELS2P_src20630383_e0010.txt,/home/hersco/training_new_domains/2026-08-27/preserve4_zenotravel_stage2_confirmation/20630383_Re-Tr_zenotravel_zenotravel_mcts_orig_vh_e.5_c.1_s1510771779_K0_P4S2A0p3_src20523083.txt
20720675,Ev_zenotravel_zenotravel_mcts_orig_vh_c.1_s1963100312_K0_P4ZENOTRAVELS2P_src20553956_e0000,zenotravel,on,1963100312,P4ZENOTRAVELS2P,20553956,0,stage2_policy_curve,COMPLETED,0:0,00:11:10,20,20,20,0,0,,/home/hersco/training_new_domains/2026-08-30/preserve4_zenotravel_stage2_policy_eval/20720675_Ev_zenotravel_zenotravel_mcts_orig_vh_c.1_s1963100312_K0_P4ZENOTRAVELS2P_src20553956_e0000.txt,/home/hersco/training_new_domains/2026-08-25/completed_domains_anchor_tuning_stage2_train/20553956_Re-Tr_zenotravel_zenotravel_mcts_orig_vh_e.5_c.1_s1963100312_K0_CD4AT_src20523066_e0004_a0p3.txt
20720676,Ev_zenotravel_zenotravel_mcts_orig_vh_c.1_s1963100312_K0_P4ZENOTRAVELS2P_src20553956_e0005,zenotravel,on,1963100312,P4ZENOTRAVELS2P,20553956,5,stage2_policy_curve,COMPLETED,0:0,00:12:27,20,20,20,0,0,,/home/hersco/training_new_domains/2026-08-30/preserve4_zenotravel_stage2_policy_eval/20720676_Ev_zenotravel_zenotravel_mcts_orig_vh_c.1_s1963100312_K0_P4ZENOTRAVELS2P_src20553956_e0005.txt,/home/hersco/training_new_domains/2026-08-25/completed_domains_anchor_tuning_stage2_train/20553956_Re-Tr_zenotravel_zenotravel_mcts_orig_vh_e.5_c.1_s1963100312_K0_CD4AT_src20523066_e0004_a0p3.txt
20720677,Ev_zenotravel_zenotravel_mcts_orig_vh_c.1_s1963100312_K0_P4ZENOTRAVELS2P_src20553956_e0010,zenotravel,on,1963100312,P4ZENOTRAVELS2P,20553956,10,stage2_policy_curve,COMPLETED,0:0,00:14:25,20,20,20,0,0,,/home/hersco/training_new_domains/2026-08-30/preserve4_zenotravel_stage2_policy_eval/20720677_Ev_zenotravel_zenotravel_mcts_orig_vh_c.1_s1963100312_K0_P4ZENOTRAVELS2P_src20553956_e0010.txt,/home/hersco/training_new_domains/2026-08-25/completed_domains_anchor_tuning_stage2_train/20553956_Re-Tr_zenotravel_zenotravel_mcts_orig_vh_e.5_c.1_s1963100312_K0_CD4AT_src20523066_e0004_a0p3.txt
20720678,Ev_zenotravel_zenotravel_mcts_orig_vh_c.1_s1963100312_K0_P4ZENOTRAVELS2P_src20553956_e0015,zenotravel,on,1963100312,P4ZENOTRAVELS2P,20553956,15,stage2_policy_curve,COMPLETED,0:0,00:09:49,20,20,20,0,0,,/home/hersco/training_new_domains/2026-08-30/preserve4_zenotravel_stage2_policy_eval/20720678_Ev_zenotravel_zenotravel_mcts_orig_vh_c.1_s1963100312_K0_P4ZENOTRAVELS2P_src20553956_e0015.txt,/home/hersco/training_new_domains/2026-08-25/completed_domains_anchor_tuning_stage2_train/20553956_Re-Tr_zenotravel_zenotravel_mcts_orig_vh_e.5_c.1_s1963100312_K0_CD4AT_src20523066_e0004_a0p3.txt
20720679,Ev_zenotravel_zenotravel_mcts_orig_vh_c.1_s1963100312_K0_P4ZENOTRAVELS2P_src20553956_e0020,zenotravel,on,1963100312,P4ZENOTRAVELS2P,20553956,20,stage2_policy_curve,COMPLETED,0:0,00:12:57,20,20,20,0,0,,/home/hersco/training_new_domains/2026-08-30/preserve4_zenotravel_stage2_policy_eval/20720679_Ev_zenotravel_zenotravel_mcts_orig_vh_c.1_s1963100312_K0_P4ZENOTRAVELS2P_src20553956_e0020.txt,/home/hersco/training_new_domains/2026-08-25/completed_domains_anchor_tuning_stage2_train/20553956_Re-Tr_zenotravel_zenotravel_mcts_orig_vh_e.5_c.1_s1963100312_K0_CD4AT_src20523066_e0004_a0p3.txt
20720680,Ev_zenotravel_zenotravel_mcts_orig_vh_c.1_s1963100312_K0_P4ZENOTRAVELS2P_src20553956_e0025,zenotravel,on,1963100312,P4ZENOTRAVELS2P,20553956,25,stage2_policy_curve,COMPLETED,0:0,00:12:42,20,20,20,0,0,,/home/hersco/training_new_domains/2026-08-30/preserve4_zenotravel_stage2_policy_eval/20720680_Ev_zenotravel_zenotravel_mcts_orig_vh_c.1_s1963100312_K0_P4ZENOTRAVELS2P_src20553956_e0025.txt,/home/hersco/training_new_domains/2026-08-25/completed_domains_anchor_tuning_stage2_train/20553956_Re-Tr_zenotravel_zenotravel_mcts_orig_vh_e.5_c.1_s1963100312_K0_CD4AT_src20523066_e0004_a0p3.txt
20720681,Ev_zenotravel_zenotravel_mcts_orig_vh_c.1_s1963100312_K0_P4ZENOTRAVELS2P_src20553956_e0030,zenotravel,on,1963100312,P4ZENOTRAVELS2P,20553956,30,stage2_policy_curve,COMPLETED,0:0,00:13:27,20,20,20,0,0,,/home/hersco/training_new_domains/2026-08-30/preserve4_zenotravel_stage2_policy_eval/20720681_Ev_zenotravel_zenotravel_mcts_orig_vh_c.1_s1963100312_K0_P4ZENOTRAVELS2P_src20553956_e0030.txt,/home/hersco/training_new_domains/2026-08-25/completed_domains_anchor_tuning_stage2_train/20553956_Re-Tr_zenotravel_zenotravel_mcts_orig_vh_e.5_c.1_s1963100312_K0_CD4AT_src20523066_e0004_a0p3.txt
20720682,Ev_zenotravel_zenotravel_mcts_orig_vh_c.1_s1963100312_K0_P4ZENOTRAVELS2P_src20553956_e0035,zenotravel,on,1963100312,P4ZENOTRAVELS2P,20553956,35,stage2_policy_curve,COMPLETED,0:0,00:13:01,20,20,20,0,0,,/home/hersco/training_new_domains/2026-08-30/preserve4_zenotravel_stage2_policy_eval/20720682_Ev_zenotravel_zenotravel_mcts_orig_vh_c.1_s1963100312_K0_P4ZENOTRAVELS2P_src20553956_e0035.txt,/home/hersco/training_new_domains/2026-08-25/completed_domains_anchor_tuning_stage2_train/20553956_Re-Tr_zenotravel_zenotravel_mcts_orig_vh_e.5_c.1_s1963100312_K0_CD4AT_src20523066_e0004_a0p3.txt
20720683,Ev_zenotravel_zenotravel_mcts_orig_vh_c.1_s1963100312_K0_P4ZENOTRAVELS2P_src20553956_e0040,zenotravel,on,1963100312,P4ZENOTRAVELS2P,20553956,40,stage2_policy_curve,COMPLETED,0:0,00:11:54,20,20,20,0,0,,/home/hersco/training_new_domains/2026-08-30/preserve4_zenotravel_stage2_policy_eval/20720683_Ev_zenotravel_zenotravel_mcts_orig_vh_c.1_s1963100312_K0_P4ZENOTRAVELS2P_src20553956_e0040.txt,/home/hersco/training_new_domains/2026-08-25/completed_domains_anchor_tuning_stage2_train/20553956_Re-Tr_zenotravel_zenotravel_mcts_orig_vh_e.5_c.1_s1963100312_K0_CD4AT_src20523066_e0004_a0p3.txt
20720684,Ev_zenotravel_zenotravel_mcts_orig_vh_c.1_s1963100312_K0_P4ZENOTRAVELS2P_src20553956_e0045,zenotravel,on,1963100312,P4ZENOTRAVELS2P,20553956,45,stage2_policy_curve,COMPLETED,0:0,00:14:02,20,20,20,0,0,,/home/hersco/training_new_domains/2026-08-30/preserve4_zenotravel_stage2_policy_eval/20720684_Ev_zenotravel_zenotravel_mcts_orig_vh_c.1_s1963100312_K0_P4ZENOTRAVELS2P_src20553956_e0045.txt,/home/hersco/training_new_domains/2026-08-25/completed_domains_anchor_tuning_stage2_train/20553956_Re-Tr_zenotravel_zenotravel_mcts_orig_vh_e.5_c.1_s1963100312_K0_CD4AT_src20523066_e0004_a0p3.txt
20720685,Ev_zenotravel_zenotravel_mcts_orig_vh_c.1_s1963100312_K0_P4ZENOTRAVELS2P_src20553956_e0050,zenotravel,on,1963100312,P4ZENOTRAVELS2P,20553956,50,stage2_policy_curve,COMPLETED,0:0,00:14:05,20,20,20,0,0,,/home/hersco/training_new_domains/2026-08-30/preserve4_zenotravel_stage2_policy_eval/20720685_Ev_zenotravel_zenotravel_mcts_orig_vh_c.1_s1963100312_K0_P4ZENOTRAVELS2P_src20553956_e0050.txt,/home/hersco/training_new_domains/2026-08-25/completed_domains_anchor_tuning_stage2_train/20553956_Re-Tr_zenotravel_zenotravel_mcts_orig_vh_e.5_c.1_s1963100312_K0_CD4AT_src20523066_e0004_a0p3.txt
20720686,Ev_zenotravel_zenotravel_mcts_orig_vh_c.1_s1963100312_K0_P4ZENOTRAVELS2P_src20553956_e0055,zenotravel,on,1963100312,P4ZENOTRAVELS2P,20553956,55,stage2_policy_curve,COMPLETED,0:0,00:16:40,20,20,20,0,0,,/home/hersco/training_new_domains/2026-08-30/preserve4_zenotravel_stage2_policy_eval/20720686_Ev_zenotravel_zenotravel_mcts_orig_vh_c.1_s1963100312_K0_P4ZENOTRAVELS2P_src20553956_e0055.txt,/home/hersco/training_new_domains/2026-08-25/completed_domains_anchor_tuning_stage2_train/20553956_Re-Tr_zenotravel_zenotravel_mcts_orig_vh_e.5_c.1_s1963100312_K0_CD4AT_src20523066_e0004_a0p3.txt
20720687,Ev_zenotravel_zenotravel_mcts_orig_vh_c.1_s1963100312_K0_P4ZENOTRAVELS2P_src20553956_e0060,zenotravel,on,1963100312,P4ZENOTRAVELS2P,20553956,60,stage2_policy_curve,COMPLETED,0:0,00:11:38,20,20,20,0,0,,/home/hersco/training_new_domains/2026-08-30/preserve4_zenotravel_stage2_policy_eval/20720687_Ev_zenotravel_zenotravel_mcts_orig_vh_c.1_s1963100312_K0_P4ZENOTRAVELS2P_src20553956_e0060.txt,/home/hersco/training_new_domains/2026-08-25/completed_domains_anchor_tuning_stage2_train/20553956_Re-Tr_zenotravel_zenotravel_mcts_orig_vh_e.5_c.1_s1963100312_K0_CD4AT_src20523066_e0004_a0p3.txt
20720688,Ev_zenotravel_zenotravel_mcts_orig_vh_c.1_s1963100312_K0_P4ZENOTRAVELS2P_src20553956_e0065,zenotravel,on,1963100312,P4ZENOTRAVELS2P,20553956,65,stage2_policy_curve;stage2_validation_selected_policy,COMPLETED,0:0,00:10:35,20,20,20,0,0,,/home/hersco/training_new_domains/2026-08-30/preserve4_zenotravel_stage2_policy_eval/20720688_Ev_zenotravel_zenotravel_mcts_orig_vh_c.1_s1963100312_K0_P4ZENOTRAVELS2P_src20553956_e0065.txt,/home/hersco/training_new_domains/2026-08-25/completed_domains_anchor_tuning_stage2_train/20553956_Re-Tr_zenotravel_zenotravel_mcts_orig_vh_e.5_c.1_s1963100312_K0_CD4AT_src20523066_e0004_a0p3.txt
20720689,Ev_zenotravel_zenotravel_mcts_orig_vh_c.1_s1963100312_K0_P4ZENOTRAVELS2P_src20553956_e0070,zenotravel,on,1963100312,P4ZENOTRAVELS2P,20553956,70,stage2_policy_curve,COMPLETED,0:0,00:11:50,20,20,20,0,0,,/home/hersco/training_new_domains/2026-08-30/preserve4_zenotravel_stage2_policy_eval/20720689_Ev_zenotravel_zenotravel_mcts_orig_vh_c.1_s1963100312_K0_P4ZENOTRAVELS2P_src20553956_e0070.txt,/home/hersco/training_new_domains/2026-08-25/completed_domains_anchor_tuning_stage2_train/20553956_Re-Tr_zenotravel_zenotravel_mcts_orig_vh_e.5_c.1_s1963100312_K0_CD4AT_src20523066_e0004_a0p3.txt
20720690,Ev_zenotravel_zenotravel_mcts_orig_vh_c.1_s1963100312_K0_P4ZENOTRAVELS2P_src20553956_e0075,zenotravel,on,1963100312,P4ZENOTRAVELS2P,20553956,75,stage2_policy_curve,COMPLETED,0:0,00:08:50,20,20,20,0,0,,/home/hersco/training_new_domains/2026-08-30/preserve4_zenotravel_stage2_policy_eval/20720690_Ev_zenotravel_zenotravel_mcts_orig_vh_c.1_s1963100312_K0_P4ZENOTRAVELS2P_src20553956_e0075.txt,/home/hersco/training_new_domains/2026-08-25/completed_domains_anchor_tuning_stage2_train/20553956_Re-Tr_zenotravel_zenotravel_mcts_orig_vh_e.5_c.1_s1963100312_K0_CD4AT_src20523066_e0004_a0p3.txt
20720691,Ev_zenotravel_zenotravel_mcts_orig_vh_c.1_s1963100312_K0_P4ZENOTRAVELS2P_src20553956_e0080,zenotravel,on,1963100312,P4ZENOTRAVELS2P,20553956,80,stage2_policy_curve,COMPLETED,0:0,00:13:17,20,20,20,0,0,,/home/hersco/training_new_domains/2026-08-30/preserve4_zenotravel_stage2_policy_eval/20720691_Ev_zenotravel_zenotravel_mcts_orig_vh_c.1_s1963100312_K0_P4ZENOTRAVELS2P_src20553956_e0080.txt,/home/hersco/training_new_domains/2026-08-25/completed_domains_anchor_tuning_stage2_train/20553956_Re-Tr_zenotravel_zenotravel_mcts_orig_vh_e.5_c.1_s1963100312_K0_CD4AT_src20523066_e0004_a0p3.txt
20720692,Ev_zenotravel_zenotravel_mcts_orig_vh_c.1_s1963100312_K0_P4ZENOTRAVELS2P_src20553956_e0085,zenotravel,on,1963100312,P4ZENOTRAVELS2P,20553956,85,stage2_policy_curve,COMPLETED,0:0,00:13:19,20,20,20,0,0,,/home/hersco/training_new_domains/2026-08-30/preserve4_zenotravel_stage2_policy_eval/20720692_Ev_zenotravel_zenotravel_mcts_orig_vh_c.1_s1963100312_K0_P4ZENOTRAVELS2P_src20553956_e0085.txt,/home/hersco/training_new_domains/2026-08-25/completed_domains_anchor_tuning_stage2_train/20553956_Re-Tr_zenotravel_zenotravel_mcts_orig_vh_e.5_c.1_s1963100312_K0_CD4AT_src20523066_e0004_a0p3.txt
20720693,Ev_zenotravel_zenotravel_mcts_orig_vh_c.1_s1963100312_K0_P4ZENOTRAVELS2P_src20553956_e0090,zenotravel,on,1963100312,P4ZENOTRAVELS2P,20553956,90,stage2_policy_curve,COMPLETED,0:0,00:11:13,20,20,20,0,0,,/home/hersco/training_new_domains/2026-08-30/preserve4_zenotravel_stage2_policy_eval/20720693_Ev_zenotravel_zenotravel_mcts_orig_vh_c.1_s1963100312_K0_P4ZENOTRAVELS2P_src20553956_e0090.txt,/home/hersco/training_new_domains/2026-08-25/completed_domains_anchor_tuning_stage2_train/20553956_Re-Tr_zenotravel_zenotravel_mcts_orig_vh_e.5_c.1_s1963100312_K0_CD4AT_src20523066_e0004_a0p3.txt
20720694,Ev_zenotravel_zenotravel_mcts_orig_vh_c.1_s1963100312_K0_P4ZENOTRAVELS2P_src20553956_e0095,zenotravel,on,1963100312,P4ZENOTRAVELS2P,20553956,95,stage2_policy_curve,COMPLETED,0:0,00:10:21,20,20,20,0,0,,/home/hersco/training_new_domains/2026-08-30/preserve4_zenotravel_stage2_policy_eval/20720694_Ev_zenotravel_zenotravel_mcts_orig_vh_c.1_s1963100312_K0_P4ZENOTRAVELS2P_src20553956_e0095.txt,/home/hersco/training_new_domains/2026-08-25/completed_domains_anchor_tuning_stage2_train/20553956_Re-Tr_zenotravel_zenotravel_mcts_orig_vh_e.5_c.1_s1963100312_K0_CD4AT_src20523066_e0004_a0p3.txt
20720695,Ev_zenotravel_zenotravel_mcts_orig_vh_c.1_s1963100312_K0_P4ZENOTRAVELS2P_src20553956_e0099,zenotravel,on,1963100312,P4ZENOTRAVELS2P,20553956,99,stage2_policy_curve;stage2_final_policy,COMPLETED,0:0,00:12:57,20,20,20,0,0,,/home/hersco/training_new_domains/2026-08-30/preserve4_zenotravel_stage2_policy_eval/20720695_Ev_zenotravel_zenotravel_mcts_orig_vh_c.1_s1963100312_K0_P4ZENOTRAVELS2P_src20553956_e0099.txt,/home/hersco/training_new_domains/2026-08-25/completed_domains_anchor_tuning_stage2_train/20553956_Re-Tr_zenotravel_zenotravel_mcts_orig_vh_e.5_c.1_s1963100312_K0_CD4AT_src20523066_e0004_a0p3.txt
20720659,Ev_zenotravel_zenotravel_mcts_orig_vh_c.1_s1972442430_K0_P4ZENOTRAVELS2P_src20630384_e0001,zenotravel,on,1972442430,P4ZENOTRAVELS2P,20630384,1,stage2_policy_curve;stage2_validation_selected_policy,COMPLETED,0:0,00:14:33,20,20,20,0,0,,/home/hersco/training_new_domains/2026-08-30/preserve4_zenotravel_stage2_policy_eval/20720659_Ev_zenotravel_zenotravel_mcts_orig_vh_c.1_s1972442430_K0_P4ZENOTRAVELS2P_src20630384_e0001.txt,/home/hersco/training_new_domains/2026-08-27/preserve4_zenotravel_stage2_confirmation/20630384_Re-Tr_zenotravel_zenotravel_mcts_orig_vh_e.5_c.1_s1972442430_K0_P4S2A0p3_src20523085.txt
20720696,Ev_zenotravel_zenotravel_mcts_orig_vh_c.1_s2011206605_K0_P4ZENOTRAVELS2P_src20553963_e0000,zenotravel,on,2011206605,P4ZENOTRAVELS2P,20553963,0,stage2_policy_curve;stage2_validation_selected_policy,COMPLETED,0:0,00:13:12,20,20,20,0,0,,/home/hersco/training_new_domains/2026-08-30/preserve4_zenotravel_stage2_policy_eval/20720696_Ev_zenotravel_zenotravel_mcts_orig_vh_c.1_s2011206605_K0_P4ZENOTRAVELS2P_src20553963_e0000.txt,/home/hersco/training_new_domains/2026-08-25/completed_domains_anchor_tuning_stage2_train/20553963_Re-Tr_zenotravel_zenotravel_mcts_orig_vh_e.5_c.1_s2011206605_K0_CD4AT_src20523069_e0009_a0p3.txt
20720697,Ev_zenotravel_zenotravel_mcts_orig_vh_c.1_s2011206605_K0_P4ZENOTRAVELS2P_src20553963_e0005,zenotravel,on,2011206605,P4ZENOTRAVELS2P,20553963,5,stage2_policy_curve,COMPLETED,0:0,00:13:20,20,20,20,0,0,,/home/hersco/training_new_domains/2026-08-30/preserve4_zenotravel_stage2_policy_eval/20720697_Ev_zenotravel_zenotravel_mcts_orig_vh_c.1_s2011206605_K0_P4ZENOTRAVELS2P_src20553963_e0005.txt,/home/hersco/training_new_domains/2026-08-25/completed_domains_anchor_tuning_stage2_train/20553963_Re-Tr_zenotravel_zenotravel_mcts_orig_vh_e.5_c.1_s2011206605_K0_CD4AT_src20523069_e0009_a0p3.txt
20720698,Ev_zenotravel_zenotravel_mcts_orig_vh_c.1_s2011206605_K0_P4ZENOTRAVELS2P_src20553963_e0010,zenotravel,on,2011206605,P4ZENOTRAVELS2P,20553963,10,stage2_policy_curve,COMPLETED,0:0,00:10:24,20,20,20,0,0,,/home/hersco/training_new_domains/2026-08-30/preserve4_zenotravel_stage2_policy_eval/20720698_Ev_zenotravel_zenotravel_mcts_orig_vh_c.1_s2011206605_K0_P4ZENOTRAVELS2P_src20553963_e0010.txt,/home/hersco/training_new_domains/2026-08-25/completed_domains_anchor_tuning_stage2_train/20553963_Re-Tr_zenotravel_zenotravel_mcts_orig_vh_e.5_c.1_s2011206605_K0_CD4AT_src20523069_e0009_a0p3.txt
20720699,Ev_zenotravel_zenotravel_mcts_orig_vh_c.1_s2011206605_K0_P4ZENOTRAVELS2P_src20553963_e0015,zenotravel,on,2011206605,P4ZENOTRAVELS2P,20553963,15,stage2_policy_curve,COMPLETED,0:0,00:09:42,20,20,20,0,0,,/home/hersco/training_new_domains/2026-08-30/preserve4_zenotravel_stage2_policy_eval/20720699_Ev_zenotravel_zenotravel_mcts_orig_vh_c.1_s2011206605_K0_P4ZENOTRAVELS2P_src20553963_e0015.txt,/home/hersco/training_new_domains/2026-08-25/completed_domains_anchor_tuning_stage2_train/20553963_Re-Tr_zenotravel_zenotravel_mcts_orig_vh_e.5_c.1_s2011206605_K0_CD4AT_src20523069_e0009_a0p3.txt
20720700,Ev_zenotravel_zenotravel_mcts_orig_vh_c.1_s2011206605_K0_P4ZENOTRAVELS2P_src20553963_e0020,zenotravel,on,2011206605,P4ZENOTRAVELS2P,20553963,20,stage2_policy_curve,COMPLETED,0:0,00:07:54,20,20,20,0,0,,/home/hersco/training_new_domains/2026-08-30/preserve4_zenotravel_stage2_policy_eval/20720700_Ev_zenotravel_zenotravel_mcts_orig_vh_c.1_s2011206605_K0_P4ZENOTRAVELS2P_src20553963_e0020.txt,/home/hersco/training_new_domains/2026-08-25/completed_domains_anchor_tuning_stage2_train/20553963_Re-Tr_zenotravel_zenotravel_mcts_orig_vh_e.5_c.1_s2011206605_K0_CD4AT_src20523069_e0009_a0p3.txt
20720701,Ev_zenotravel_zenotravel_mcts_orig_vh_c.1_s2011206605_K0_P4ZENOTRAVELS2P_src20553963_e0025,zenotravel,on,2011206605,P4ZENOTRAVELS2P,20553963,25,stage2_policy_curve,COMPLETED,0:0,00:15:35,20,20,20,0,0,,/home/hersco/training_new_domains/2026-08-30/preserve4_zenotravel_stage2_policy_eval/20720701_Ev_zenotravel_zenotravel_mcts_orig_vh_c.1_s2011206605_K0_P4ZENOTRAVELS2P_src20553963_e0025.txt,/home/hersco/training_new_domains/2026-08-25/completed_domains_anchor_tuning_stage2_train/20553963_Re-Tr_zenotravel_zenotravel_mcts_orig_vh_e.5_c.1_s2011206605_K0_CD4AT_src20523069_e0009_a0p3.txt
20720702,Ev_zenotravel_zenotravel_mcts_orig_vh_c.1_s2011206605_K0_P4ZENOTRAVELS2P_src20553963_e0030,zenotravel,on,2011206605,P4ZENOTRAVELS2P,20553963,30,stage2_policy_curve,COMPLETED,0:0,01:02:45,19,20,19,0,0,,/home/hersco/training_new_domains/2026-08-30/preserve4_zenotravel_stage2_policy_eval/20720702_Ev_zenotravel_zenotravel_mcts_orig_vh_c.1_s2011206605_K0_P4ZENOTRAVELS2P_src20553963_e0030.txt,/home/hersco/training_new_domains/2026-08-25/completed_domains_anchor_tuning_stage2_train/20553963_Re-Tr_zenotravel_zenotravel_mcts_orig_vh_e.5_c.1_s2011206605_K0_CD4AT_src20523069_e0009_a0p3.txt
20720703,Ev_zenotravel_zenotravel_mcts_orig_vh_c.1_s2011206605_K0_P4ZENOTRAVELS2P_src20553963_e0035,zenotravel,on,2011206605,P4ZENOTRAVELS2P,20553963,35,stage2_policy_curve,COMPLETED,0:0,00:11:09,20,20,20,0,0,,/home/hersco/training_new_domains/2026-08-30/preserve4_zenotravel_stage2_policy_eval/20720703_Ev_zenotravel_zenotravel_mcts_orig_vh_c.1_s2011206605_K0_P4ZENOTRAVELS2P_src20553963_e0035.txt,/home/hersco/training_new_domains/2026-08-25/completed_domains_anchor_tuning_stage2_train/20553963_Re-Tr_zenotravel_zenotravel_mcts_orig_vh_e.5_c.1_s2011206605_K0_CD4AT_src20523069_e0009_a0p3.txt
20720704,Ev_zenotravel_zenotravel_mcts_orig_vh_c.1_s2011206605_K0_P4ZENOTRAVELS2P_src20553963_e0040,zenotravel,on,2011206605,P4ZENOTRAVELS2P,20553963,40,stage2_policy_curve,COMPLETED,0:0,00:59:50,19,20,19,0,0,,/home/hersco/training_new_domains/2026-08-30/preserve4_zenotravel_stage2_policy_eval/20720704_Ev_zenotravel_zenotravel_mcts_orig_vh_c.1_s2011206605_K0_P4ZENOTRAVELS2P_src20553963_e0040.txt,/home/hersco/training_new_domains/2026-08-25/completed_domains_anchor_tuning_stage2_train/20553963_Re-Tr_zenotravel_zenotravel_mcts_orig_vh_e.5_c.1_s2011206605_K0_CD4AT_src20523069_e0009_a0p3.txt
20720705,Ev_zenotravel_zenotravel_mcts_orig_vh_c.1_s2011206605_K0_P4ZENOTRAVELS2P_src20553963_e0045,zenotravel,on,2011206605,P4ZENOTRAVELS2P,20553963,45,stage2_policy_curve,COMPLETED,0:0,00:11:01,20,20,20,0,0,,/home/hersco/training_new_domains/2026-08-30/preserve4_zenotravel_stage2_policy_eval/20720705_Ev_zenotravel_zenotravel_mcts_orig_vh_c.1_s2011206605_K0_P4ZENOTRAVELS2P_src20553963_e0045.txt,/home/hersco/training_new_domains/2026-08-25/completed_domains_anchor_tuning_stage2_train/20553963_Re-Tr_zenotravel_zenotravel_mcts_orig_vh_e.5_c.1_s2011206605_K0_CD4AT_src20523069_e0009_a0p3.txt
20720706,Ev_zenotravel_zenotravel_mcts_orig_vh_c.1_s2011206605_K0_P4ZENOTRAVELS2P_src20553963_e0050,zenotravel,on,2011206605,P4ZENOTRAVELS2P,20553963,50,stage2_policy_curve,COMPLETED,0:0,01:04:09,19,20,19,0,0,,/home/hersco/training_new_domains/2026-08-30/preserve4_zenotravel_stage2_policy_eval/20720706_Ev_zenotravel_zenotravel_mcts_orig_vh_c.1_s2011206605_K0_P4ZENOTRAVELS2P_src20553963_e0050.txt,/home/hersco/training_new_domains/2026-08-25/completed_domains_anchor_tuning_stage2_train/20553963_Re-Tr_zenotravel_zenotravel_mcts_orig_vh_e.5_c.1_s2011206605_K0_CD4AT_src20523069_e0009_a0p3.txt
20720707,Ev_zenotravel_zenotravel_mcts_orig_vh_c.1_s2011206605_K0_P4ZENOTRAVELS2P_src20553963_e0055,zenotravel,on,2011206605,P4ZENOTRAVELS2P,20553963,55,stage2_policy_curve,COMPLETED,0:0,00:10:55,20,20,20,0,0,,/home/hersco/training_new_domains/2026-08-30/preserve4_zenotravel_stage2_policy_eval/20720707_Ev_zenotravel_zenotravel_mcts_orig_vh_c.1_s2011206605_K0_P4ZENOTRAVELS2P_src20553963_e0055.txt,/home/hersco/training_new_domains/2026-08-25/completed_domains_anchor_tuning_stage2_train/20553963_Re-Tr_zenotravel_zenotravel_mcts_orig_vh_e.5_c.1_s2011206605_K0_CD4AT_src20523069_e0009_a0p3.txt
20720708,Ev_zenotravel_zenotravel_mcts_orig_vh_c.1_s2011206605_K0_P4ZENOTRAVELS2P_src20553963_e0060,zenotravel,on,2011206605,P4ZENOTRAVELS2P,20553963,60,stage2_policy_curve,COMPLETED,0:0,01:03:40,19,20,19,0,0,,/home/hersco/training_new_domains/2026-08-30/preserve4_zenotravel_stage2_policy_eval/20720708_Ev_zenotravel_zenotravel_mcts_orig_vh_c.1_s2011206605_K0_P4ZENOTRAVELS2P_src20553963_e0060.txt,/home/hersco/training_new_domains/2026-08-25/completed_domains_anchor_tuning_stage2_train/20553963_Re-Tr_zenotravel_zenotravel_mcts_orig_vh_e.5_c.1_s2011206605_K0_CD4AT_src20523069_e0009_a0p3.txt
20720709,Ev_zenotravel_zenotravel_mcts_orig_vh_c.1_s2011206605_K0_P4ZENOTRAVELS2P_src20553963_e0065,zenotravel,on,2011206605,P4ZENOTRAVELS2P,20553963,65,stage2_policy_curve,COMPLETED,0:0,00:11:49,20,20,20,0,0,,/home/hersco/training_new_domains/2026-08-30/preserve4_zenotravel_stage2_policy_eval/20720709_Ev_zenotravel_zenotravel_mcts_orig_vh_c.1_s2011206605_K0_P4ZENOTRAVELS2P_src20553963_e0065.txt,/home/hersco/training_new_domains/2026-08-25/completed_domains_anchor_tuning_stage2_train/20553963_Re-Tr_zenotravel_zenotravel_mcts_orig_vh_e.5_c.1_s2011206605_K0_CD4AT_src20523069_e0009_a0p3.txt
20720710,Ev_zenotravel_zenotravel_mcts_orig_vh_c.1_s2011206605_K0_P4ZENOTRAVELS2P_src20553963_e0070,zenotravel,on,2011206605,P4ZENOTRAVELS2P,20553963,70,stage2_policy_curve,COMPLETED,0:0,00:58:24,19,20,19,0,0,,/home/hersco/training_new_domains/2026-08-30/preserve4_zenotravel_stage2_policy_eval/20720710_Ev_zenotravel_zenotravel_mcts_orig_vh_c.1_s2011206605_K0_P4ZENOTRAVELS2P_src20553963_e0070.txt,/home/hersco/training_new_domains/2026-08-25/completed_domains_anchor_tuning_stage2_train/20553963_Re-Tr_zenotravel_zenotravel_mcts_orig_vh_e.5_c.1_s2011206605_K0_CD4AT_src20523069_e0009_a0p3.txt
20720711,Ev_zenotravel_zenotravel_mcts_orig_vh_c.1_s2011206605_K0_P4ZENOTRAVELS2P_src20553963_e0075,zenotravel,on,2011206605,P4ZENOTRAVELS2P,20553963,75,stage2_policy_curve,COMPLETED,0:0,00:09:24,20,20,20,0,0,,/home/hersco/training_new_domains/2026-08-30/preserve4_zenotravel_stage2_policy_eval/20720711_Ev_zenotravel_zenotravel_mcts_orig_vh_c.1_s2011206605_K0_P4ZENOTRAVELS2P_src20553963_e0075.txt,/home/hersco/training_new_domains/2026-08-25/completed_domains_anchor_tuning_stage2_train/20553963_Re-Tr_zenotravel_zenotravel_mcts_orig_vh_e.5_c.1_s2011206605_K0_CD4AT_src20523069_e0009_a0p3.txt
20720712,Ev_zenotravel_zenotravel_mcts_orig_vh_c.1_s2011206605_K0_P4ZENOTRAVELS2P_src20553963_e0080,zenotravel,on,2011206605,P4ZENOTRAVELS2P,20553963,80,stage2_policy_curve,COMPLETED,0:0,00:13:55,20,20,20,0,0,,/home/hersco/training_new_domains/2026-08-30/preserve4_zenotravel_stage2_policy_eval/20720712_Ev_zenotravel_zenotravel_mcts_orig_vh_c.1_s2011206605_K0_P4ZENOTRAVELS2P_src20553963_e0080.txt,/home/hersco/training_new_domains/2026-08-25/completed_domains_anchor_tuning_stage2_train/20553963_Re-Tr_zenotravel_zenotravel_mcts_orig_vh_e.5_c.1_s2011206605_K0_CD4AT_src20523069_e0009_a0p3.txt
20720713,Ev_zenotravel_zenotravel_mcts_orig_vh_c.1_s2011206605_K0_P4ZENOTRAVELS2P_src20553963_e0085,zenotravel,on,2011206605,P4ZENOTRAVELS2P,20553963,85,stage2_policy_curve,COMPLETED,0:0,00:39:40,19,20,19,0,0,,/home/hersco/training_new_domains/2026-08-30/preserve4_zenotravel_stage2_policy_eval/20720713_Ev_zenotravel_zenotravel_mcts_orig_vh_c.1_s2011206605_K0_P4ZENOTRAVELS2P_src20553963_e0085.txt,/home/hersco/training_new_domains/2026-08-25/completed_domains_anchor_tuning_stage2_train/20553963_Re-Tr_zenotravel_zenotravel_mcts_orig_vh_e.5_c.1_s2011206605_K0_CD4AT_src20523069_e0009_a0p3.txt
20720714,Ev_zenotravel_zenotravel_mcts_orig_vh_c.1_s2011206605_K0_P4ZENOTRAVELS2P_src20553963_e0090,zenotravel,on,2011206605,P4ZENOTRAVELS2P,20553963,90,stage2_policy_curve,COMPLETED,0:0,00:12:12,20,20,20,0,0,,/home/hersco/training_new_domains/2026-08-30/preserve4_zenotravel_stage2_policy_eval/20720714_Ev_zenotravel_zenotravel_mcts_orig_vh_c.1_s2011206605_K0_P4ZENOTRAVELS2P_src20553963_e0090.txt,/home/hersco/training_new_domains/2026-08-25/completed_domains_anchor_tuning_stage2_train/20553963_Re-Tr_zenotravel_zenotravel_mcts_orig_vh_e.5_c.1_s2011206605_K0_CD4AT_src20523069_e0009_a0p3.txt
20720715,Ev_zenotravel_zenotravel_mcts_orig_vh_c.1_s2011206605_K0_P4ZENOTRAVELS2P_src20553963_e0095,zenotravel,on,2011206605,P4ZENOTRAVELS2P,20553963,95,stage2_policy_curve,COMPLETED,0:0,00:13:35,20,20,20,0,0,,/home/hersco/training_new_domains/2026-08-30/preserve4_zenotravel_stage2_policy_eval/20720715_Ev_zenotravel_zenotravel_mcts_orig_vh_c.1_s2011206605_K0_P4ZENOTRAVELS2P_src20553963_e0095.txt,/home/hersco/training_new_domains/2026-08-25/completed_domains_anchor_tuning_stage2_train/20553963_Re-Tr_zenotravel_zenotravel_mcts_orig_vh_e.5_c.1_s2011206605_K0_CD4AT_src20523069_e0009_a0p3.txt
20720716,Ev_zenotravel_zenotravel_mcts_orig_vh_c.1_s2011206605_K0_P4ZENOTRAVELS2P_src20553963_e0099,zenotravel,on,2011206605,P4ZENOTRAVELS2P,20553963,99,stage2_policy_curve;stage2_final_policy,COMPLETED,0:0,00:47:45,19,20,19,0,0,,/home/hersco/training_new_domains/2026-08-30/preserve4_zenotravel_stage2_policy_eval/20720716_Ev_zenotravel_zenotravel_mcts_orig_vh_c.1_s2011206605_K0_P4ZENOTRAVELS2P_src20553963_e0099.txt,/home/hersco/training_new_domains/2026-08-25/completed_domains_anchor_tuning_stage2_train/20553963_Re-Tr_zenotravel_zenotravel_mcts_orig_vh_e.5_c.1_s2011206605_K0_CD4AT_src20523069_e0009_a0p3.txt
20720660,Ev_zenotravel_zenotravel_mcts_orig_vh_c.1_s2082152039_K0_P4ZENOTRAVELS2P_src20630385_e0001,zenotravel,on,2082152039,P4ZENOTRAVELS2P,20630385,1,stage2_policy_curve;stage2_validation_selected_policy,COMPLETED,0:0,00:10:08,20,20,20,0,0,,/home/hersco/training_new_domains/2026-08-30/preserve4_zenotravel_stage2_policy_eval/20720660_Ev_zenotravel_zenotravel_mcts_orig_vh_c.1_s2082152039_K0_P4ZENOTRAVELS2P_src20630385_e0001.txt,/home/hersco/training_new_domains/2026-08-27/preserve4_zenotravel_stage2_confirmation/20630385_Re-Tr_zenotravel_zenotravel_mcts_orig_vh_e.5_c.1_s2082152039_K0_P4S2A0p3_src20523082.txt
