experiment_id,value_head,seed,policy_score,mcts_score,paired_change,policy_log,mcts_log,mcts_val_valid,mcts_val_invalid
MAIN-TERM,off,534933607,9,10,1,/home/hersco/training_new_domains/2026-08-25/statistical_replication_terminal_stage2_policy_eval/20541785_Ev_drone_drone_orig_novh_c.1_s534933607_SR10TCP_src20489426_e0038.txt,/home/hersco/training_new_domains/2026-08-25/statistical_replication_terminal_stage2_mcts_eval/20559540_Ev_drone_drone_mcts_orig_novh_e.5_c.1_s534933607_K0_SR10TCM_src20489426_e0038.txt,10,0
MAIN-TERM,off,923500475,5,9,4,/home/hersco/training_new_domains/2026-08-25/statistical_replication_terminal_stage2_policy_eval/20541807_Ev_drone_drone_orig_novh_c.1_s923500475_SR10TCP_src20489427_e0064.txt,/home/hersco/training_new_domains/2026-08-25/statistical_replication_terminal_stage2_mcts_eval/20559541_Ev_drone_drone_mcts_orig_novh_e.5_c.1_s923500475_K0_SR10TCM_src20489427_e0064.txt,9,0
MAIN-TERM,off,1073581256,13,11,-2,/home/hersco/training_new_domains/2026-08-25/statistical_replication_terminal_stage2_policy_eval/20541829_Ev_drone_drone_orig_novh_c.1_s1073581256_SR10TCP_src20489428_e0002.txt,/home/hersco/training_new_domains/2026-08-25/statistical_replication_terminal_stage2_mcts_eval/20559542_Ev_drone_drone_mcts_orig_novh_e.5_c.1_s1073581256_K0_SR10TCM_src20489428_e0002.txt,11,0
MAIN-VAL,off,1073581256,12,8,-4,/home/hersco/training_new_domains/2026-08-24/statistical_replication_stage2_policy_eval/20523246_Ev_drone_drone_orig_novh_c.1_s1073581256_SR10P_src20451800_e0014.txt,/home/hersco/training_new_domains/2026-08-25/statistical_replication_stage2_mcts_eval/20559493_Ev_drone_drone_mcts_orig_novh_e.5_c.1_s1073581256_K0_SR10M_src20451800_e0014.txt,8,0
MAIN-TERM,off,1239739722,4,9,5,/home/hersco/training_new_domains/2026-08-25/statistical_replication_terminal_stage2_policy_eval/20541869_Ev_drone_drone_orig_novh_c.1_s1239739722_SR10TCP_src20489429_e0034.txt,/home/hersco/training_new_domains/2026-08-25/statistical_replication_terminal_stage2_mcts_eval/20559543_Ev_drone_drone_mcts_orig_novh_e.5_c.1_s1239739722_K0_SR10TCM_src20489429_e0034.txt,9,0
MAIN-TERM,off,1472491096,11,12,1,/home/hersco/training_new_domains/2026-08-25/statistical_replication_terminal_stage2_policy_eval/20541891_Ev_drone_drone_orig_novh_c.1_s1472491096_SR10TCP_src20489430_e0012.txt,/home/hersco/training_new_domains/2026-08-25/statistical_replication_terminal_stage2_mcts_eval/20559544_Ev_drone_drone_mcts_orig_novh_e.5_c.1_s1472491096_K0_SR10TCM_src20489430_e0012.txt,12,0
MAIN-VAL,off,1472491096,12,13,1,/home/hersco/training_new_domains/2026-08-24/statistical_replication_stage2_policy_eval/20523269_Ev_drone_drone_orig_novh_c.1_s1472491096_SR10P_src20451801_e0014.txt,/home/hersco/training_new_domains/2026-08-25/statistical_replication_stage2_mcts_eval/20559494_Ev_drone_drone_mcts_orig_novh_e.5_c.1_s1472491096_K0_SR10M_src20451801_e0014.txt,13,0
MAIN-TERM,off,1510771779,6,10,4,/home/hersco/training_new_domains/2026-08-25/statistical_replication_terminal_stage2_policy_eval/20541913_Ev_drone_drone_orig_novh_c.1_s1510771779_SR10TCP_src20489431_e0086.txt,/home/hersco/training_new_domains/2026-08-25/statistical_replication_terminal_stage2_mcts_eval/20559546_Ev_drone_drone_mcts_orig_novh_e.5_c.1_s1510771779_K0_SR10TCM_src20489431_e0086.txt,10,0
MAIN-VAL,off,1963100312,9,9,0,/home/hersco/training_new_domains/2026-08-24/statistical_replication_stage2_policy_eval/20523202_Ev_drone_drone_orig_novh_c.1_s1963100312_SR10P_src20451799_e0010.txt,/home/hersco/training_new_domains/2026-08-25/statistical_replication_stage2_mcts_eval/20559492_Ev_drone_drone_mcts_orig_novh_e.5_c.1_s1963100312_K0_SR10M_src20451799_e0010.txt,9,0
MAIN-TERM,off,1963100312,6,8,2,/home/hersco/training_new_domains/2026-08-25/statistical_replication_terminal_stage2_policy_eval/20541935_Ev_drone_drone_orig_novh_c.1_s1963100312_SR10TCP_src20489432_e0098.txt,/home/hersco/training_new_domains/2026-08-25/statistical_replication_terminal_stage2_mcts_eval/20559547_Ev_drone_drone_mcts_orig_novh_e.5_c.1_s1963100312_K0_SR10TCM_src20489432_e0098.txt,8,0
MAIN-TERM,off,1972442430,8,11,3,/home/hersco/training_new_domains/2026-08-25/statistical_replication_terminal_stage2_policy_eval/20541957_Ev_drone_drone_orig_novh_c.1_s1972442430_SR10TCP_src20489433_e0003.txt,/home/hersco/training_new_domains/2026-08-25/statistical_replication_terminal_stage2_mcts_eval/20559548_Ev_drone_drone_mcts_orig_novh_e.5_c.1_s1972442430_K0_SR10TCM_src20489433_e0003.txt,11,0
MAIN-TERM,off,2011206605,8,10,2,/home/hersco/training_new_domains/2026-08-25/statistical_replication_terminal_stage2_policy_eval/20541988_Ev_drone_drone_orig_novh_c.1_s2011206605_SR10TCP_src20489434_e0009.txt,/home/hersco/training_new_domains/2026-08-25/statistical_replication_terminal_stage2_mcts_eval/20559549_Ev_drone_drone_mcts_orig_novh_e.5_c.1_s2011206605_K0_SR10TCM_src20489434_e0009.txt,10,0
MAIN-TERM,off,2082152039,8,9,1,/home/hersco/training_new_domains/2026-08-25/statistical_replication_terminal_stage2_policy_eval/20542010_Ev_drone_drone_orig_novh_c.1_s2082152039_SR10TCP_src20489435_e0006.txt,/home/hersco/training_new_domains/2026-08-25/statistical_replication_terminal_stage2_mcts_eval/20559550_Ev_drone_drone_mcts_orig_novh_e.5_c.1_s2082152039_K0_SR10TCM_src20489435_e0006.txt,9,0
MAIN-TERM,on,534933607,10,16,6,/home/hersco/training_new_domains/2026-08-25/statistical_replication_terminal_stage2_policy_eval/20542032_Ev_drone_drone_orig_vh_c.1_s534933607_SR10TCP_src20489436_e0014.txt,/home/hersco/training_new_domains/2026-08-25/statistical_replication_terminal_stage2_mcts_eval/20559551_Ev_drone_drone_mcts_orig_vh_e.5_c.1_s534933607_K0_SR10TCM_src20489436_e0014.txt,16,0
MAIN-VAL,on,534933607,12,16,4,/home/hersco/training_new_domains/2026-08-24/statistical_replication_stage2_policy_eval/20523199_Ev_drone_drone_orig_vh_c.1_s534933607_SR10P_src20451797_e0086.txt,/home/hersco/training_new_domains/2026-08-25/statistical_replication_stage2_mcts_eval/20559490_Ev_drone_drone_mcts_orig_vh_e.5_c.1_s534933607_K0_SR10M_src20451797_e0086.txt,16,0
MAIN-TERM,on,923500475,6,15,9,/home/hersco/training_new_domains/2026-08-25/statistical_replication_terminal_stage2_policy_eval/20542054_Ev_drone_drone_orig_vh_c.1_s923500475_SR10TCP_src20489437_e0047.txt,/home/hersco/training_new_domains/2026-08-25/statistical_replication_terminal_stage2_mcts_eval/20559552_Ev_drone_drone_mcts_orig_vh_e.5_c.1_s923500475_K0_SR10TCM_src20489437_e0047.txt,15,0
MAIN-TERM,on,1073581256,7,14,7,/home/hersco/training_new_domains/2026-08-25/statistical_replication_terminal_stage2_policy_eval/20542077_Ev_drone_drone_orig_vh_c.1_s1073581256_SR10TCP_src20489438_e0094.txt,/home/hersco/training_new_domains/2026-08-25/statistical_replication_terminal_stage2_mcts_eval/20559553_Ev_drone_drone_mcts_orig_vh_e.5_c.1_s1073581256_K0_SR10TCM_src20489438_e0094.txt,14,0
MAIN-TERM,on,1239739722,3,11,8,/home/hersco/training_new_domains/2026-08-25/statistical_replication_terminal_stage2_policy_eval/20542099_Ev_drone_drone_orig_vh_c.1_s1239739722_SR10TCP_src20489439_e0081.txt,/home/hersco/training_new_domains/2026-08-25/statistical_replication_terminal_stage2_mcts_eval/20559554_Ev_drone_drone_mcts_orig_vh_e.5_c.1_s1239739722_K0_SR10TCM_src20489439_e0081.txt,11,0
MAIN-TERM,on,1472491096,7,12,5,/home/hersco/training_new_domains/2026-08-25/statistical_replication_terminal_stage2_policy_eval/20542121_Ev_drone_drone_orig_vh_c.1_s1472491096_SR10TCP_src20489440_e0001.txt,/home/hersco/training_new_domains/2026-08-25/statistical_replication_terminal_stage2_mcts_eval/20559555_Ev_drone_drone_mcts_orig_vh_e.5_c.1_s1472491096_K0_SR10TCM_src20489440_e0001.txt,12,0
MAIN-TERM,on,1510771779,7,11,4,/home/hersco/training_new_domains/2026-08-25/statistical_replication_terminal_stage2_policy_eval/20542143_Ev_drone_drone_orig_vh_c.1_s1510771779_SR10TCP_src20489441_e0031.txt,/home/hersco/training_new_domains/2026-08-25/statistical_replication_terminal_stage2_mcts_eval/20559557_Ev_drone_drone_mcts_orig_vh_e.5_c.1_s1510771779_K0_SR10TCM_src20489441_e0031.txt,11,0
MAIN-TERM,on,1963100312,4,11,7,/home/hersco/training_new_domains/2026-08-25/statistical_replication_terminal_stage2_policy_eval/20542144_Ev_drone_drone_orig_vh_c.1_s1963100312_SR10TCP_src20489442_e0000.txt,/home/hersco/training_new_domains/2026-08-25/statistical_replication_terminal_stage2_mcts_eval/20559558_Ev_drone_drone_mcts_orig_vh_e.5_c.1_s1963100312_K0_SR10TCM_src20489442_e0000.txt,11,0
MAIN-TERM,on,1972442430,5,13,8,/home/hersco/training_new_domains/2026-08-25/statistical_replication_terminal_stage2_policy_eval/20542189_Ev_drone_drone_orig_vh_c.1_s1972442430_SR10TCP_src20489443_e0054.txt,/home/hersco/training_new_domains/2026-08-25/statistical_replication_terminal_stage2_mcts_eval/20559559_Ev_drone_drone_mcts_orig_vh_e.5_c.1_s1972442430_K0_SR10TCM_src20489443_e0054.txt,13,0
MAIN-TERM,on,2011206605,7,14,7,/home/hersco/training_new_domains/2026-08-25/statistical_replication_terminal_stage2_policy_eval/20542211_Ev_drone_drone_orig_vh_c.1_s2011206605_SR10TCP_src20489444_e0092.txt,/home/hersco/training_new_domains/2026-08-25/statistical_replication_terminal_stage2_mcts_eval/20559560_Ev_drone_drone_mcts_orig_vh_e.5_c.1_s2011206605_K0_SR10TCM_src20489444_e0092.txt,14,0
MAIN-TERM,on,2082152039,9,14,5,/home/hersco/training_new_domains/2026-08-25/statistical_replication_terminal_stage2_policy_eval/20542233_Ev_drone_drone_orig_vh_c.1_s2082152039_SR10TCP_src20489445_e0002.txt,/home/hersco/training_new_domains/2026-08-25/statistical_replication_terminal_stage2_mcts_eval/20559561_Ev_drone_drone_mcts_orig_vh_e.5_c.1_s2082152039_K0_SR10TCM_src20489445_e0002.txt,14,0
