manifest_id	slurm_job_id	submitted_at
pw70-kmin3-block_grouping-off-1963100312-s1	20755790	2026-08-30T21:07:53.567447+00:00
pw70-kmin3-block_grouping-off-2011206605-s1	20755791	2026-08-30T21:07:53.607559+00:00
pw70-kmin3-block_grouping-on-1963100312-s1	20755792	2026-08-30T21:07:53.645963+00:00
pw70-kmin3-block_grouping-on-2011206605-s1	20755793	2026-08-30T21:07:53.689691+00:00
pw70-kmin3-counters-off-1963100312-s1	20755794	2026-08-30T21:07:53.727417+00:00
pw70-kmin3-counters-off-1963100312-s2	20755795	2026-08-30T21:07:53.775223+00:00
pw70-kmin3-counters-off-2011206605-s1	20755796	2026-08-30T21:07:53.818586+00:00
pw70-kmin3-counters-off-2011206605-s2	20755797	2026-08-30T21:07:53.865052+00:00
pw70-kmin3-counters-on-1963100312-s1	20755798	2026-08-30T21:07:53.907831+00:00
pw70-kmin3-counters-on-1963100312-s2	20755799	2026-08-30T21:07:53.950882+00:00
pw70-kmin3-counters-on-2011206605-s1	20755800	2026-08-30T21:07:53.988510+00:00
pw70-kmin3-counters-on-2011206605-s2	20755801	2026-08-30T21:07:54.033571+00:00
