experiment_id,manifest_id,domain,stage,value_head,seed,arm,iterations,job_id,slurm_state,source_log,instance_number,instance_path,status,elapsed_seconds,success,steps,success_le_1800s,success_le_7200s,success_le_21600s
,counters-off-1472491096-stage2-mcts_eval-primary-narrow-w5-i20,counters,stage2,off,1472491096,fixed_narrow_w5,20,20649848,TIMEOUT,/home/hersco/training_new_domains/2026-08-27/statistical_replication_stage2_mcts_eval/20649848_Ev_counters_counters_mcts_orig_novh_e.5_c.1_s1472491096_K0_SR10M_src20430421_e0005.txt,1,../problems/numeric/counters/vanilla/fz_instance_2.pddl,success,7.29,True,1,1,1,1
,counters-off-1472491096-stage2-mcts_eval-primary-narrow-w5-i20,counters,stage2,off,1472491096,fixed_narrow_w5,20,20649848,TIMEOUT,/home/hersco/training_new_domains/2026-08-27/statistical_replication_stage2_mcts_eval/20649848_Ev_counters_counters_mcts_orig_novh_e.5_c.1_s1472491096_K0_SR10M_src20430421_e0005.txt,2,../problems/numeric/counters/vanilla/fz_instance_3.pddl,success,8.54,True,3,1,1,1
,counters-off-1472491096-stage2-mcts_eval-primary-narrow-w5-i20,counters,stage2,off,1472491096,fixed_narrow_w5,20,20649848,TIMEOUT,/home/hersco/training_new_domains/2026-08-27/statistical_replication_stage2_mcts_eval/20649848_Ev_counters_counters_mcts_orig_novh_e.5_c.1_s1472491096_K0_SR10M_src20430421_e0005.txt,3,../problems/numeric/counters/vanilla/fz_instance_4.pddl,success,8.54,True,6,1,1,1
,counters-off-1472491096-stage2-mcts_eval-primary-narrow-w5-i20,counters,stage2,off,1472491096,fixed_narrow_w5,20,20649848,TIMEOUT,/home/hersco/training_new_domains/2026-08-27/statistical_replication_stage2_mcts_eval/20649848_Ev_counters_counters_mcts_orig_novh_e.5_c.1_s1472491096_K0_SR10M_src20430421_e0005.txt,4,../problems/numeric/counters/vanilla/fz_instance_5.pddl,success,9.04,True,10,1,1,1
,counters-off-1472491096-stage2-mcts_eval-primary-narrow-w5-i20,counters,stage2,off,1472491096,fixed_narrow_w5,20,20649848,TIMEOUT,/home/hersco/training_new_domains/2026-08-27/statistical_replication_stage2_mcts_eval/20649848_Ev_counters_counters_mcts_orig_novh_e.5_c.1_s1472491096_K0_SR10M_src20430421_e0005.txt,5,../problems/numeric/counters/vanilla/fz_instance_6.pddl,success,9.55,True,15,1,1,1
,counters-off-1472491096-stage2-mcts_eval-primary-narrow-w5-i20,counters,stage2,off,1472491096,fixed_narrow_w5,20,20649848,TIMEOUT,/home/hersco/training_new_domains/2026-08-27/statistical_replication_stage2_mcts_eval/20649848_Ev_counters_counters_mcts_orig_novh_e.5_c.1_s1472491096_K0_SR10M_src20430421_e0005.txt,6,../problems/numeric/counters/vanilla/fz_instance_7.pddl,success,10.05,True,21,1,1,1
,counters-off-1472491096-stage2-mcts_eval-primary-narrow-w5-i20,counters,stage2,off,1472491096,fixed_narrow_w5,20,20649848,TIMEOUT,/home/hersco/training_new_domains/2026-08-27/statistical_replication_stage2_mcts_eval/20649848_Ev_counters_counters_mcts_orig_novh_e.5_c.1_s1472491096_K0_SR10M_src20430421_e0005.txt,7,../problems/numeric/counters/vanilla/fz_instance_8.pddl,success,12.31,True,28,1,1,1
,counters-off-1472491096-stage2-mcts_eval-primary-narrow-w5-i20,counters,stage2,off,1472491096,fixed_narrow_w5,20,20649848,TIMEOUT,/home/hersco/training_new_domains/2026-08-27/statistical_replication_stage2_mcts_eval/20649848_Ev_counters_counters_mcts_orig_novh_e.5_c.1_s1472491096_K0_SR10M_src20430421_e0005.txt,8,../problems/numeric/counters/vanilla/fz_instance_9.pddl,success,13.31,True,36,1,1,1
,counters-off-1472491096-stage2-mcts_eval-primary-narrow-w5-i20,counters,stage2,off,1472491096,fixed_narrow_w5,20,20649848,TIMEOUT,/home/hersco/training_new_domains/2026-08-27/statistical_replication_stage2_mcts_eval/20649848_Ev_counters_counters_mcts_orig_novh_e.5_c.1_s1472491096_K0_SR10M_src20430421_e0005.txt,9,../problems/numeric/counters/vanilla/fz_instance_10.pddl,success,14.81,True,45,1,1,1
,counters-off-1472491096-stage2-mcts_eval-primary-narrow-w5-i20,counters,stage2,off,1472491096,fixed_narrow_w5,20,20649848,TIMEOUT,/home/hersco/training_new_domains/2026-08-27/statistical_replication_stage2_mcts_eval/20649848_Ev_counters_counters_mcts_orig_novh_e.5_c.1_s1472491096_K0_SR10M_src20430421_e0005.txt,10,../problems/numeric/counters/vanilla/fz_instance_11.pddl,success,16.81,True,55,1,1,1
,counters-off-1472491096-stage2-mcts_eval-primary-narrow-w5-i20,counters,stage2,off,1472491096,fixed_narrow_w5,20,20649848,TIMEOUT,/home/hersco/training_new_domains/2026-08-27/statistical_replication_stage2_mcts_eval/20649848_Ev_counters_counters_mcts_orig_novh_e.5_c.1_s1472491096_K0_SR10M_src20430421_e0005.txt,11,../problems/numeric/counters/vanilla/fz_instance_12.pddl,success,19.82,True,66,1,1,1
,counters-off-1472491096-stage2-mcts_eval-primary-narrow-w5-i20,counters,stage2,off,1472491096,fixed_narrow_w5,20,20649848,TIMEOUT,/home/hersco/training_new_domains/2026-08-27/statistical_replication_stage2_mcts_eval/20649848_Ev_counters_counters_mcts_orig_novh_e.5_c.1_s1472491096_K0_SR10M_src20430421_e0005.txt,12,../problems/numeric/counters/vanilla/fz_instance_13.pddl,success,22.82,True,78,1,1,1
,counters-off-1472491096-stage2-mcts_eval-primary-narrow-w5-i20,counters,stage2,off,1472491096,fixed_narrow_w5,20,20649848,TIMEOUT,/home/hersco/training_new_domains/2026-08-27/statistical_replication_stage2_mcts_eval/20649848_Ev_counters_counters_mcts_orig_novh_e.5_c.1_s1472491096_K0_SR10M_src20430421_e0005.txt,13,../problems/numeric/counters/vanilla/fz_instance_14.pddl,success,25.81,True,91,1,1,1
,counters-off-1472491096-stage2-mcts_eval-primary-narrow-w5-i20,counters,stage2,off,1472491096,fixed_narrow_w5,20,20649848,TIMEOUT,/home/hersco/training_new_domains/2026-08-27/statistical_replication_stage2_mcts_eval/20649848_Ev_counters_counters_mcts_orig_novh_e.5_c.1_s1472491096_K0_SR10M_src20430421_e0005.txt,14,../problems/numeric/counters/vanilla/fz_instance_15.pddl,success,26.07,True,105,1,1,1
,counters-off-1472491096-stage2-mcts_eval-primary-narrow-w5-i20,counters,stage2,off,1472491096,fixed_narrow_w5,20,20649848,TIMEOUT,/home/hersco/training_new_domains/2026-08-27/statistical_replication_stage2_mcts_eval/20649848_Ev_counters_counters_mcts_orig_novh_e.5_c.1_s1472491096_K0_SR10M_src20430421_e0005.txt,15,../problems/numeric/counters/vanilla/fz_instance_16.pddl,success,29.58,True,120,1,1,1
,counters-off-1472491096-stage2-mcts_eval-primary-narrow-w5-i20,counters,stage2,off,1472491096,fixed_narrow_w5,20,20649848,TIMEOUT,/home/hersco/training_new_domains/2026-08-27/statistical_replication_stage2_mcts_eval/20649848_Ev_counters_counters_mcts_orig_novh_e.5_c.1_s1472491096_K0_SR10M_src20430421_e0005.txt,16,../problems/numeric/counters/vanilla/fz_instance_17.pddl,success,32.34,True,136,1,1,1
,counters-off-1472491096-stage2-mcts_eval-primary-narrow-w5-i20,counters,stage2,off,1472491096,fixed_narrow_w5,20,20649848,TIMEOUT,/home/hersco/training_new_domains/2026-08-27/statistical_replication_stage2_mcts_eval/20649848_Ev_counters_counters_mcts_orig_novh_e.5_c.1_s1472491096_K0_SR10M_src20430421_e0005.txt,17,../problems/numeric/counters/vanilla/fz_instance_18.pddl,success,37.35,True,153,1,1,1
,counters-off-1472491096-stage2-mcts_eval-primary-narrow-w5-i20,counters,stage2,off,1472491096,fixed_narrow_w5,20,20649848,TIMEOUT,/home/hersco/training_new_domains/2026-08-27/statistical_replication_stage2_mcts_eval/20649848_Ev_counters_counters_mcts_orig_novh_e.5_c.1_s1472491096_K0_SR10M_src20430421_e0005.txt,18,../problems/numeric/counters/vanilla/fz_instance_19.pddl,success,45.14,True,191,1,1,1
,counters-off-1472491096-stage2-mcts_eval-primary-narrow-w5-i20,counters,stage2,off,1472491096,fixed_narrow_w5,20,20649848,TIMEOUT,/home/hersco/training_new_domains/2026-08-27/statistical_replication_stage2_mcts_eval/20649848_Ev_counters_counters_mcts_orig_novh_e.5_c.1_s1472491096_K0_SR10M_src20430421_e0005.txt,19,../problems/numeric/counters/vanilla/fz_instance_20.pddl,unsolved,1083.76,False,10000,0,0,0
,counters-off-1472491096-stage2-mcts_eval-primary-narrow-w5-i20,counters,stage2,off,1472491096,fixed_narrow_w5,20,20649848,TIMEOUT,/home/hersco/training_new_domains/2026-08-27/statistical_replication_stage2_mcts_eval/20649848_Ev_counters_counters_mcts_orig_novh_e.5_c.1_s1472491096_K0_SR10M_src20430421_e0005.txt,20,../problems/numeric/counters/vanilla/fz_instance_21.pddl,unsolved,1331.88,False,10000,0,0,0
,counters-off-1472491096-stage2-mcts_eval-primary-narrow-w5-i20,counters,stage2,off,1472491096,fixed_narrow_w5,20,20649848,TIMEOUT,/home/hersco/training_new_domains/2026-08-27/statistical_replication_stage2_mcts_eval/20649848_Ev_counters_counters_mcts_orig_novh_e.5_c.1_s1472491096_K0_SR10M_src20430421_e0005.txt,21,../problems/numeric/counters/vanilla/fz_instance_22.pddl,unsolved,1618.51,False,10000,0,0,0
,counters-off-1472491096-stage2-mcts_eval-primary-narrow-w5-i20,counters,stage2,off,1472491096,fixed_narrow_w5,20,20649848,TIMEOUT,/home/hersco/training_new_domains/2026-08-27/statistical_replication_stage2_mcts_eval/20649848_Ev_counters_counters_mcts_orig_novh_e.5_c.1_s1472491096_K0_SR10M_src20430421_e0005.txt,22,../problems/numeric/counters/vanilla/fz_instance_23.pddl,unsolved,1966.67,False,10000,0,0,0
,counters-off-1472491096-stage2-mcts_eval-primary-narrow-w5-i20,counters,stage2,off,1472491096,fixed_narrow_w5,20,20649848,TIMEOUT,/home/hersco/training_new_domains/2026-08-27/statistical_replication_stage2_mcts_eval/20649848_Ev_counters_counters_mcts_orig_novh_e.5_c.1_s1472491096_K0_SR10M_src20430421_e0005.txt,23,../problems/numeric/counters/vanilla/fz_instance_24.pddl,unsolved,1938.14,False,10000,0,0,0
,counters-off-1472491096-stage2-mcts_eval-primary-narrow-w5-i20,counters,stage2,off,1472491096,fixed_narrow_w5,20,20649848,TIMEOUT,/home/hersco/training_new_domains/2026-08-27/statistical_replication_stage2_mcts_eval/20649848_Ev_counters_counters_mcts_orig_novh_e.5_c.1_s1472491096_K0_SR10M_src20430421_e0005.txt,24,../problems/numeric/counters/vanilla/fz_instance_25.pddl,unsolved,2560.27,False,10000,0,0,0
,counters-off-1472491096-stage2-mcts_eval-primary-narrow-w5-i20,counters,stage2,off,1472491096,fixed_narrow_w5,20,20649848,TIMEOUT,/home/hersco/training_new_domains/2026-08-27/statistical_replication_stage2_mcts_eval/20649848_Ev_counters_counters_mcts_orig_novh_e.5_c.1_s1472491096_K0_SR10M_src20430421_e0005.txt,25,../problems/numeric/counters/vanilla/fz_instance_26.pddl,unsolved,2056.56,False,10000,0,0,0
,counters-off-1472491096-stage2-mcts_eval-primary-narrow-w5-i20,counters,stage2,off,1472491096,fixed_narrow_w5,20,20649848,TIMEOUT,/home/hersco/training_new_domains/2026-08-27/statistical_replication_stage2_mcts_eval/20649848_Ev_counters_counters_mcts_orig_novh_e.5_c.1_s1472491096_K0_SR10M_src20430421_e0005.txt,26,../problems/numeric/counters/vanilla/fz_instance_27.pddl,unsolved,1686.57,False,10000,0,0,0
,counters-off-1472491096-stage2-mcts_eval-primary-narrow-w5-i20,counters,stage2,off,1472491096,fixed_narrow_w5,20,20649848,TIMEOUT,/home/hersco/training_new_domains/2026-08-27/statistical_replication_stage2_mcts_eval/20649848_Ev_counters_counters_mcts_orig_novh_e.5_c.1_s1472491096_K0_SR10M_src20430421_e0005.txt,27,../problems/numeric/counters/vanilla/fz_instance_28.pddl,unsolved,2106.25,False,10000,0,0,0
,counters-off-1472491096-stage2-mcts_eval-primary-narrow-w5-i20,counters,stage2,off,1472491096,fixed_narrow_w5,20,20649848,TIMEOUT,/home/hersco/training_new_domains/2026-08-27/statistical_replication_stage2_mcts_eval/20649848_Ev_counters_counters_mcts_orig_novh_e.5_c.1_s1472491096_K0_SR10M_src20430421_e0005.txt,28,../problems/numeric/counters/vanilla/fz_instance_29.pddl,unsolved,2716.51,False,10000,0,0,0
,counters-off-1472491096-stage2-mcts_eval-primary-narrow-w5-i20,counters,stage2,off,1472491096,fixed_narrow_w5,20,20649848,TIMEOUT,/home/hersco/training_new_domains/2026-08-27/statistical_replication_stage2_mcts_eval/20649848_Ev_counters_counters_mcts_orig_novh_e.5_c.1_s1472491096_K0_SR10M_src20430421_e0005.txt,29,../problems/numeric/counters/vanilla/fz_instance_30.pddl,unsolved,3022.4,False,10000,0,0,0
,counters-off-1472491096-stage2-mcts_eval-primary-narrow-w5-i20,counters,stage2,off,1472491096,fixed_narrow_w5,20,20649848,TIMEOUT,/home/hersco/training_new_domains/2026-08-27/statistical_replication_stage2_mcts_eval/20649848_Ev_counters_counters_mcts_orig_novh_e.5_c.1_s1472491096_K0_SR10M_src20430421_e0005.txt,30,../problems/numeric/counters/vanilla/fz_instance_31.pddl,unsolved,3189.09,False,10000,0,0,0
,counters-off-1472491096-stage2-mcts_eval-primary-narrow-w5-i20,counters,stage2,off,1472491096,fixed_narrow_w5,20,20649848,TIMEOUT,/home/hersco/training_new_domains/2026-08-27/statistical_replication_stage2_mcts_eval/20649848_Ev_counters_counters_mcts_orig_novh_e.5_c.1_s1472491096_K0_SR10M_src20430421_e0005.txt,31,../problems/numeric/counters/vanilla/fz_instance_32.pddl,unsolved,3684.58,False,10000,0,0,0
,counters-off-1472491096-stage2-mcts_eval-primary-narrow-w5-i20,counters,stage2,off,1472491096,fixed_narrow_w5,20,20649848,TIMEOUT,/home/hersco/training_new_domains/2026-08-27/statistical_replication_stage2_mcts_eval/20649848_Ev_counters_counters_mcts_orig_novh_e.5_c.1_s1472491096_K0_SR10M_src20430421_e0005.txt,32,../problems/numeric/counters/vanilla/fz_instance_33.pddl,unsolved,3846.45,False,10000,0,0,0
,counters-off-1472491096-stage2-mcts_eval-primary-narrow-w5-i20,counters,stage2,off,1472491096,fixed_narrow_w5,20,20649848,TIMEOUT,/home/hersco/training_new_domains/2026-08-27/statistical_replication_stage2_mcts_eval/20649848_Ev_counters_counters_mcts_orig_novh_e.5_c.1_s1472491096_K0_SR10M_src20430421_e0005.txt,33,../problems/numeric/counters/vanilla/fz_instance_34.pddl,unsolved,4420.77,False,10000,0,0,0
,counters-off-1472491096-stage2-mcts_eval-primary-narrow-w5-i20,counters,stage2,off,1472491096,fixed_narrow_w5,20,20649848,TIMEOUT,/home/hersco/training_new_domains/2026-08-27/statistical_replication_stage2_mcts_eval/20649848_Ev_counters_counters_mcts_orig_novh_e.5_c.1_s1472491096_K0_SR10M_src20430421_e0005.txt,34,../problems/numeric/counters/vanilla/fz_instance_35.pddl,unsolved,4834.3,False,10000,0,0,0
,counters-off-1472491096-stage2-mcts_eval-primary-narrow-w5-i20,counters,stage2,off,1472491096,fixed_narrow_w5,20,20649848,TIMEOUT,/home/hersco/training_new_domains/2026-08-27/statistical_replication_stage2_mcts_eval/20649848_Ev_counters_counters_mcts_orig_novh_e.5_c.1_s1472491096_K0_SR10M_src20430421_e0005.txt,35,../problems/numeric/counters/vanilla/fz_instance_36.pddl,unsolved,4519.01,False,10000,0,0,0
,counters-off-1472491096-stage2-mcts_eval-primary-narrow-w5-i20,counters,stage2,off,1472491096,fixed_narrow_w5,20,20649848,TIMEOUT,/home/hersco/training_new_domains/2026-08-27/statistical_replication_stage2_mcts_eval/20649848_Ev_counters_counters_mcts_orig_novh_e.5_c.1_s1472491096_K0_SR10M_src20430421_e0005.txt,36,../problems/numeric/counters/vanilla/fz_instance_37.pddl,unsolved,5496.97,False,10000,0,0,0
,counters-off-1472491096-stage2-mcts_eval-primary-narrow-w5-i20,counters,stage2,off,1472491096,fixed_narrow_w5,20,20649848,TIMEOUT,/home/hersco/training_new_domains/2026-08-27/statistical_replication_stage2_mcts_eval/20649848_Ev_counters_counters_mcts_orig_novh_e.5_c.1_s1472491096_K0_SR10M_src20430421_e0005.txt,37,../problems/numeric/counters/vanilla/fz_instance_38.pddl,unsolved,7238.31,False,10000,0,0,0
,counters-off-1472491096-stage2-mcts_eval-primary-narrow-w5-i20,counters,stage2,off,1472491096,fixed_narrow_w5,20,20649848,TIMEOUT,/home/hersco/training_new_domains/2026-08-27/statistical_replication_stage2_mcts_eval/20649848_Ev_counters_counters_mcts_orig_novh_e.5_c.1_s1472491096_K0_SR10M_src20430421_e0005.txt,38,../problems/numeric/counters/vanilla/fz_instance_39.pddl,unsolved,7980.81,False,10000,0,0,0
,counters-off-1472491096-stage2-mcts_eval-primary-narrow-w5-i20,counters,stage2,off,1472491096,fixed_narrow_w5,20,20649848,TIMEOUT,/home/hersco/training_new_domains/2026-08-27/statistical_replication_stage2_mcts_eval/20649848_Ev_counters_counters_mcts_orig_novh_e.5_c.1_s1472491096_K0_SR10M_src20430421_e0005.txt,39,../problems/numeric/counters/vanilla/fz_instance_40.pddl,unsolved,9853.39,False,10000,0,0,0
,counters-off-1472491096-stage2-mcts_eval-primary-narrow-w5-i20,counters,stage2,off,1472491096,fixed_narrow_w5,20,20649848,TIMEOUT,/home/hersco/training_new_domains/2026-08-27/statistical_replication_stage2_mcts_eval/20649848_Ev_counters_counters_mcts_orig_novh_e.5_c.1_s1472491096_K0_SR10M_src20430421_e0005.txt,40,../problems/numeric/counters/vanilla/fz_instance_41.pddl,unsolved,12478.88,False,10000,0,0,0
,counters-off-1472491096-stage2-mcts_eval-primary-narrow-w5-i20,counters,stage2,off,1472491096,fixed_narrow_w5,20,20649848,TIMEOUT,/home/hersco/training_new_domains/2026-08-27/statistical_replication_stage2_mcts_eval/20649848_Ev_counters_counters_mcts_orig_novh_e.5_c.1_s1472491096_K0_SR10M_src20430421_e0005.txt,41,../problems/numeric/counters/vanilla/fz_instance_42.pddl,unsolved,7048.07,False,10000,0,0,0
,counters-off-1472491096-stage2-mcts_eval-primary-narrow-w5-i20,counters,stage2,off,1472491096,fixed_narrow_w5,20,20649848,TIMEOUT,/home/hersco/training_new_domains/2026-08-27/statistical_replication_stage2_mcts_eval/20649848_Ev_counters_counters_mcts_orig_novh_e.5_c.1_s1472491096_K0_SR10M_src20430421_e0005.txt,42,../problems/numeric/counters/vanilla/fz_instance_43.pddl,unsolved,6524.15,False,10000,0,0,0
,counters-off-1472491096-stage2-mcts_eval-primary-narrow-w5-i20,counters,stage2,off,1472491096,fixed_narrow_w5,20,20649848,TIMEOUT,/home/hersco/training_new_domains/2026-08-27/statistical_replication_stage2_mcts_eval/20649848_Ev_counters_counters_mcts_orig_novh_e.5_c.1_s1472491096_K0_SR10M_src20430421_e0005.txt,43,../problems/numeric/counters/vanilla/fz_instance_44.pddl,unsolved,10663.78,False,10000,0,0,0
,counters-off-1472491096-stage2-mcts_eval-primary-narrow-w5-i20,counters,stage2,off,1472491096,fixed_narrow_w5,20,20649848,TIMEOUT,/home/hersco/training_new_domains/2026-08-27/statistical_replication_stage2_mcts_eval/20649848_Ev_counters_counters_mcts_orig_novh_e.5_c.1_s1472491096_K0_SR10M_src20430421_e0005.txt,44,../problems/numeric/counters/vanilla/fz_instance_45.pddl,unsolved,12702.42,False,10000,0,0,0
,counters-off-1472491096-stage2-mcts_eval-primary-narrow-w5-i20,counters,stage2,off,1472491096,fixed_narrow_w5,20,20649848,TIMEOUT,/home/hersco/training_new_domains/2026-08-27/statistical_replication_stage2_mcts_eval/20649848_Ev_counters_counters_mcts_orig_novh_e.5_c.1_s1472491096_K0_SR10M_src20430421_e0005.txt,45,../problems/numeric/counters/vanilla/fz_instance_46.pddl,unsolved,15365.85,False,10000,0,0,0
,counters-off-1472491096-stage2-mcts_eval-primary-narrow-w5-i20,counters,stage2,off,1472491096,fixed_narrow_w5,20,20649848,TIMEOUT,/home/hersco/training_new_domains/2026-08-27/statistical_replication_stage2_mcts_eval/20649848_Ev_counters_counters_mcts_orig_novh_e.5_c.1_s1472491096_K0_SR10M_src20430421_e0005.txt,46,../problems/numeric/counters/vanilla/fz_instance_47.pddl,unsolved,19718.75,False,10000,0,0,0
,counters-off-1472491096-stage2-mcts_eval-primary-narrow-w5-i20,counters,stage2,off,1472491096,fixed_narrow_w5,20,20649848,TIMEOUT,/home/hersco/training_new_domains/2026-08-27/statistical_replication_stage2_mcts_eval/20649848_Ev_counters_counters_mcts_orig_novh_e.5_c.1_s1472491096_K0_SR10M_src20430421_e0005.txt,47,../problems/numeric/counters/vanilla/fz_instance_48.pddl,unsolved,18262.3,False,10000,0,0,0
,counters-off-1472491096-stage2-mcts_eval-primary-narrow-w5-i20,counters,stage2,off,1472491096,fixed_narrow_w5,20,20649848,TIMEOUT,/home/hersco/training_new_domains/2026-08-27/statistical_replication_stage2_mcts_eval/20649848_Ev_counters_counters_mcts_orig_novh_e.5_c.1_s1472491096_K0_SR10M_src20430421_e0005.txt,48,../problems/numeric/counters/vanilla/fz_instance_49.pddl,timeout,21600.0,False,-1,0,0,0
,counters-off-1472491096-stage2-mcts_eval-primary-narrow-w5-i20,counters,stage2,off,1472491096,fixed_narrow_w5,20,20649848,TIMEOUT,/home/hersco/training_new_domains/2026-08-27/statistical_replication_stage2_mcts_eval/20649848_Ev_counters_counters_mcts_orig_novh_e.5_c.1_s1472491096_K0_SR10M_src20430421_e0005.txt,49,../problems/numeric/counters/vanilla/fz_instance_50.pddl,timeout,21600.0,False,-1,0,0,0
,counters-off-1472491096-stage2-mcts_eval-primary-narrow-w5-i20,counters,stage2,off,1472491096,fixed_narrow_w5,20,20649848,TIMEOUT,/home/hersco/training_new_domains/2026-08-27/statistical_replication_stage2_mcts_eval/20649848_Ev_counters_counters_mcts_orig_novh_e.5_c.1_s1472491096_K0_SR10M_src20430421_e0005.txt,50,../problems/numeric/counters/vanilla/fz_instance_51.pddl,timeout,21600.0,False,-1,0,0,0
,counters-off-1472491096-stage2-mcts_eval-primary-narrow-w5-i20,counters,stage2,off,1472491096,fixed_narrow_w5,20,20649848,TIMEOUT,/home/hersco/training_new_domains/2026-08-27/statistical_replication_stage2_mcts_eval/20649848_Ev_counters_counters_mcts_orig_novh_e.5_c.1_s1472491096_K0_SR10M_src20430421_e0005.txt,51,../problems/numeric/counters/vanilla/fz_instance_52.pddl,timeout,21600.0,False,-1,0,0,0
,counters-off-1472491096-stage2-mcts_eval-primary-narrow-w5-i20,counters,stage2,off,1472491096,fixed_narrow_w5,20,20649848,TIMEOUT,/home/hersco/training_new_domains/2026-08-27/statistical_replication_stage2_mcts_eval/20649848_Ev_counters_counters_mcts_orig_novh_e.5_c.1_s1472491096_K0_SR10M_src20430421_e0005.txt,52,../problems/numeric/counters/vanilla/fz_instance_53.pddl,timeout,21600.0,False,-1,0,0,0
,counters-off-1472491096-stage2-mcts_eval-primary-narrow-w5-i20,counters,stage2,off,1472491096,fixed_narrow_w5,20,20649848,TIMEOUT,/home/hersco/training_new_domains/2026-08-27/statistical_replication_stage2_mcts_eval/20649848_Ev_counters_counters_mcts_orig_novh_e.5_c.1_s1472491096_K0_SR10M_src20430421_e0005.txt,53,../problems/numeric/counters/vanilla/fz_instance_54.pddl,timeout,21600.0,False,-1,0,0,0
,counters-on-1963100312-stage2-mcts_eval-primary-narrow-w5-i20,counters,stage2,on,1963100312,fixed_narrow_w5,20,20649854,TIMEOUT,/home/hersco/training_new_domains/2026-08-27/statistical_replication_stage2_mcts_eval/20649854_Ev_counters_counters_mcts_orig_vh_e.5_c.1_s1963100312_K0_SR10M_src20430427_e0000.txt,1,../problems/numeric/counters/vanilla/fz_instance_2.pddl,success,7.78,True,1,1,1,1
,counters-on-1963100312-stage2-mcts_eval-primary-narrow-w5-i20,counters,stage2,on,1963100312,fixed_narrow_w5,20,20649854,TIMEOUT,/home/hersco/training_new_domains/2026-08-27/statistical_replication_stage2_mcts_eval/20649854_Ev_counters_counters_mcts_orig_vh_e.5_c.1_s1963100312_K0_SR10M_src20430427_e0000.txt,2,../problems/numeric/counters/vanilla/fz_instance_3.pddl,success,8.54,True,3,1,1,1
,counters-on-1963100312-stage2-mcts_eval-primary-narrow-w5-i20,counters,stage2,on,1963100312,fixed_narrow_w5,20,20649854,TIMEOUT,/home/hersco/training_new_domains/2026-08-27/statistical_replication_stage2_mcts_eval/20649854_Ev_counters_counters_mcts_orig_vh_e.5_c.1_s1963100312_K0_SR10M_src20430427_e0000.txt,3,../problems/numeric/counters/vanilla/fz_instance_4.pddl,success,9.3,True,6,1,1,1
,counters-on-1963100312-stage2-mcts_eval-primary-narrow-w5-i20,counters,stage2,on,1963100312,fixed_narrow_w5,20,20649854,TIMEOUT,/home/hersco/training_new_domains/2026-08-27/statistical_replication_stage2_mcts_eval/20649854_Ev_counters_counters_mcts_orig_vh_e.5_c.1_s1963100312_K0_SR10M_src20430427_e0000.txt,4,../problems/numeric/counters/vanilla/fz_instance_5.pddl,success,9.05,True,10,1,1,1
,counters-on-1963100312-stage2-mcts_eval-primary-narrow-w5-i20,counters,stage2,on,1963100312,fixed_narrow_w5,20,20649854,TIMEOUT,/home/hersco/training_new_domains/2026-08-27/statistical_replication_stage2_mcts_eval/20649854_Ev_counters_counters_mcts_orig_vh_e.5_c.1_s1963100312_K0_SR10M_src20430427_e0000.txt,5,../problems/numeric/counters/vanilla/fz_instance_6.pddl,success,13.06,True,29,1,1,1
,counters-on-1963100312-stage2-mcts_eval-primary-narrow-w5-i20,counters,stage2,on,1963100312,fixed_narrow_w5,20,20649854,TIMEOUT,/home/hersco/training_new_domains/2026-08-27/statistical_replication_stage2_mcts_eval/20649854_Ev_counters_counters_mcts_orig_vh_e.5_c.1_s1963100312_K0_SR10M_src20430427_e0000.txt,6,../problems/numeric/counters/vanilla/fz_instance_7.pddl,success,16.12,True,41,1,1,1
,counters-on-1963100312-stage2-mcts_eval-primary-narrow-w5-i20,counters,stage2,on,1963100312,fixed_narrow_w5,20,20649854,TIMEOUT,/home/hersco/training_new_domains/2026-08-27/statistical_replication_stage2_mcts_eval/20649854_Ev_counters_counters_mcts_orig_vh_e.5_c.1_s1963100312_K0_SR10M_src20430427_e0000.txt,7,../problems/numeric/counters/vanilla/fz_instance_8.pddl,success,20.12,True,56,1,1,1
,counters-on-1963100312-stage2-mcts_eval-primary-narrow-w5-i20,counters,stage2,on,1963100312,fixed_narrow_w5,20,20649854,TIMEOUT,/home/hersco/training_new_domains/2026-08-27/statistical_replication_stage2_mcts_eval/20649854_Ev_counters_counters_mcts_orig_vh_e.5_c.1_s1963100312_K0_SR10M_src20430427_e0000.txt,8,../problems/numeric/counters/vanilla/fz_instance_9.pddl,success,17.58,True,48,1,1,1
,counters-on-1963100312-stage2-mcts_eval-primary-narrow-w5-i20,counters,stage2,on,1963100312,fixed_narrow_w5,20,20649854,TIMEOUT,/home/hersco/training_new_domains/2026-08-27/statistical_replication_stage2_mcts_eval/20649854_Ev_counters_counters_mcts_orig_vh_e.5_c.1_s1963100312_K0_SR10M_src20430427_e0000.txt,9,../problems/numeric/counters/vanilla/fz_instance_10.pddl,success,34.12,True,138,1,1,1
,counters-on-1963100312-stage2-mcts_eval-primary-narrow-w5-i20,counters,stage2,on,1963100312,fixed_narrow_w5,20,20649854,TIMEOUT,/home/hersco/training_new_domains/2026-08-27/statistical_replication_stage2_mcts_eval/20649854_Ev_counters_counters_mcts_orig_vh_e.5_c.1_s1963100312_K0_SR10M_src20430427_e0000.txt,10,../problems/numeric/counters/vanilla/fz_instance_11.pddl,success,42.85,True,184,1,1,1
,counters-on-1963100312-stage2-mcts_eval-primary-narrow-w5-i20,counters,stage2,on,1963100312,fixed_narrow_w5,20,20649854,TIMEOUT,/home/hersco/training_new_domains/2026-08-27/statistical_replication_stage2_mcts_eval/20649854_Ev_counters_counters_mcts_orig_vh_e.5_c.1_s1963100312_K0_SR10M_src20430427_e0000.txt,11,../problems/numeric/counters/vanilla/fz_instance_12.pddl,success,53.62,True,233,1,1,1
,counters-on-1963100312-stage2-mcts_eval-primary-narrow-w5-i20,counters,stage2,on,1963100312,fixed_narrow_w5,20,20649854,TIMEOUT,/home/hersco/training_new_domains/2026-08-27/statistical_replication_stage2_mcts_eval/20649854_Ev_counters_counters_mcts_orig_vh_e.5_c.1_s1963100312_K0_SR10M_src20430427_e0000.txt,12,../problems/numeric/counters/vanilla/fz_instance_13.pddl,success,69.64,True,308,1,1,1
,counters-on-1963100312-stage2-mcts_eval-primary-narrow-w5-i20,counters,stage2,on,1963100312,fixed_narrow_w5,20,20649854,TIMEOUT,/home/hersco/training_new_domains/2026-08-27/statistical_replication_stage2_mcts_eval/20649854_Ev_counters_counters_mcts_orig_vh_e.5_c.1_s1963100312_K0_SR10M_src20430427_e0000.txt,13,../problems/numeric/counters/vanilla/fz_instance_14.pddl,success,104.0,True,455,1,1,1
,counters-on-1963100312-stage2-mcts_eval-primary-narrow-w5-i20,counters,stage2,on,1963100312,fixed_narrow_w5,20,20649854,TIMEOUT,/home/hersco/training_new_domains/2026-08-27/statistical_replication_stage2_mcts_eval/20649854_Ev_counters_counters_mcts_orig_vh_e.5_c.1_s1963100312_K0_SR10M_src20430427_e0000.txt,14,../problems/numeric/counters/vanilla/fz_instance_15.pddl,success,137.79,True,575,1,1,1
,counters-on-1963100312-stage2-mcts_eval-primary-narrow-w5-i20,counters,stage2,on,1963100312,fixed_narrow_w5,20,20649854,TIMEOUT,/home/hersco/training_new_domains/2026-08-27/statistical_replication_stage2_mcts_eval/20649854_Ev_counters_counters_mcts_orig_vh_e.5_c.1_s1963100312_K0_SR10M_src20430427_e0000.txt,15,../problems/numeric/counters/vanilla/fz_instance_16.pddl,success,102.45,True,438,1,1,1
,counters-on-1963100312-stage2-mcts_eval-primary-narrow-w5-i20,counters,stage2,on,1963100312,fixed_narrow_w5,20,20649854,TIMEOUT,/home/hersco/training_new_domains/2026-08-27/statistical_replication_stage2_mcts_eval/20649854_Ev_counters_counters_mcts_orig_vh_e.5_c.1_s1963100312_K0_SR10M_src20430427_e0000.txt,16,../problems/numeric/counters/vanilla/fz_instance_17.pddl,success,354.88,True,1322,1,1,1
,counters-on-1963100312-stage2-mcts_eval-primary-narrow-w5-i20,counters,stage2,on,1963100312,fixed_narrow_w5,20,20649854,TIMEOUT,/home/hersco/training_new_domains/2026-08-27/statistical_replication_stage2_mcts_eval/20649854_Ev_counters_counters_mcts_orig_vh_e.5_c.1_s1963100312_K0_SR10M_src20430427_e0000.txt,17,../problems/numeric/counters/vanilla/fz_instance_18.pddl,success,775.91,True,2043,1,1,1
,counters-on-1963100312-stage2-mcts_eval-primary-narrow-w5-i20,counters,stage2,on,1963100312,fixed_narrow_w5,20,20649854,TIMEOUT,/home/hersco/training_new_domains/2026-08-27/statistical_replication_stage2_mcts_eval/20649854_Ev_counters_counters_mcts_orig_vh_e.5_c.1_s1963100312_K0_SR10M_src20430427_e0000.txt,18,../problems/numeric/counters/vanilla/fz_instance_19.pddl,success,492.29,True,1599,1,1,1
,counters-on-1963100312-stage2-mcts_eval-primary-narrow-w5-i20,counters,stage2,on,1963100312,fixed_narrow_w5,20,20649854,TIMEOUT,/home/hersco/training_new_domains/2026-08-27/statistical_replication_stage2_mcts_eval/20649854_Ev_counters_counters_mcts_orig_vh_e.5_c.1_s1963100312_K0_SR10M_src20430427_e0000.txt,19,../problems/numeric/counters/vanilla/fz_instance_20.pddl,success,965.58,True,2596,1,1,1
,counters-on-1963100312-stage2-mcts_eval-primary-narrow-w5-i20,counters,stage2,on,1963100312,fixed_narrow_w5,20,20649854,TIMEOUT,/home/hersco/training_new_domains/2026-08-27/statistical_replication_stage2_mcts_eval/20649854_Ev_counters_counters_mcts_orig_vh_e.5_c.1_s1963100312_K0_SR10M_src20430427_e0000.txt,20,../problems/numeric/counters/vanilla/fz_instance_21.pddl,success,2698.71,True,5710,0,1,1
,counters-on-1963100312-stage2-mcts_eval-primary-narrow-w5-i20,counters,stage2,on,1963100312,fixed_narrow_w5,20,20649854,TIMEOUT,/home/hersco/training_new_domains/2026-08-27/statistical_replication_stage2_mcts_eval/20649854_Ev_counters_counters_mcts_orig_vh_e.5_c.1_s1963100312_K0_SR10M_src20430427_e0000.txt,21,../problems/numeric/counters/vanilla/fz_instance_22.pddl,success,3021.37,True,5777,0,1,1
,counters-on-1963100312-stage2-mcts_eval-primary-narrow-w5-i20,counters,stage2,on,1963100312,fixed_narrow_w5,20,20649854,TIMEOUT,/home/hersco/training_new_domains/2026-08-27/statistical_replication_stage2_mcts_eval/20649854_Ev_counters_counters_mcts_orig_vh_e.5_c.1_s1963100312_K0_SR10M_src20430427_e0000.txt,22,../problems/numeric/counters/vanilla/fz_instance_23.pddl,unsolved,11410.18,False,10000,0,0,0
,counters-on-1963100312-stage2-mcts_eval-primary-narrow-w5-i20,counters,stage2,on,1963100312,fixed_narrow_w5,20,20649854,TIMEOUT,/home/hersco/training_new_domains/2026-08-27/statistical_replication_stage2_mcts_eval/20649854_Ev_counters_counters_mcts_orig_vh_e.5_c.1_s1963100312_K0_SR10M_src20430427_e0000.txt,23,../problems/numeric/counters/vanilla/fz_instance_24.pddl,timeout,21600.0,False,-1,0,0,0
,counters-on-1963100312-stage2-mcts_eval-primary-narrow-w5-i20,counters,stage2,on,1963100312,fixed_narrow_w5,20,20649854,TIMEOUT,/home/hersco/training_new_domains/2026-08-27/statistical_replication_stage2_mcts_eval/20649854_Ev_counters_counters_mcts_orig_vh_e.5_c.1_s1963100312_K0_SR10M_src20430427_e0000.txt,24,../problems/numeric/counters/vanilla/fz_instance_25.pddl,unsolved,18854.68,False,10000,0,0,0
,counters-on-1963100312-stage2-mcts_eval-primary-narrow-w5-i20,counters,stage2,on,1963100312,fixed_narrow_w5,20,20649854,TIMEOUT,/home/hersco/training_new_domains/2026-08-27/statistical_replication_stage2_mcts_eval/20649854_Ev_counters_counters_mcts_orig_vh_e.5_c.1_s1963100312_K0_SR10M_src20430427_e0000.txt,25,../problems/numeric/counters/vanilla/fz_instance_26.pddl,unsolved,18832.06,False,10000,0,0,0
,counters-on-1963100312-stage2-mcts_eval-primary-narrow-w5-i20,counters,stage2,on,1963100312,fixed_narrow_w5,20,20649854,TIMEOUT,/home/hersco/training_new_domains/2026-08-27/statistical_replication_stage2_mcts_eval/20649854_Ev_counters_counters_mcts_orig_vh_e.5_c.1_s1963100312_K0_SR10M_src20430427_e0000.txt,26,../problems/numeric/counters/vanilla/fz_instance_27.pddl,timeout,21600.0,False,-1,0,0,0
,counters-on-1963100312-stage2-mcts_eval-primary-narrow-w5-i20,counters,stage2,on,1963100312,fixed_narrow_w5,20,20649854,TIMEOUT,/home/hersco/training_new_domains/2026-08-27/statistical_replication_stage2_mcts_eval/20649854_Ev_counters_counters_mcts_orig_vh_e.5_c.1_s1963100312_K0_SR10M_src20430427_e0000.txt,27,../problems/numeric/counters/vanilla/fz_instance_28.pddl,timeout,21600.0,False,-1,0,0,0
,counters-on-1963100312-stage2-mcts_eval-primary-narrow-w5-i20,counters,stage2,on,1963100312,fixed_narrow_w5,20,20649854,TIMEOUT,/home/hersco/training_new_domains/2026-08-27/statistical_replication_stage2_mcts_eval/20649854_Ev_counters_counters_mcts_orig_vh_e.5_c.1_s1963100312_K0_SR10M_src20430427_e0000.txt,28,../problems/numeric/counters/vanilla/fz_instance_29.pddl,timeout,21600.0,False,-1,0,0,0
,counters-on-1963100312-stage2-mcts_eval-primary-narrow-w5-i20,counters,stage2,on,1963100312,fixed_narrow_w5,20,20649854,TIMEOUT,/home/hersco/training_new_domains/2026-08-27/statistical_replication_stage2_mcts_eval/20649854_Ev_counters_counters_mcts_orig_vh_e.5_c.1_s1963100312_K0_SR10M_src20430427_e0000.txt,29,../problems/numeric/counters/vanilla/fz_instance_30.pddl,timeout,21600.0,False,-1,0,0,0
,counters-on-1963100312-stage2-mcts_eval-primary-narrow-w5-i20,counters,stage2,on,1963100312,fixed_narrow_w5,20,20649854,TIMEOUT,/home/hersco/training_new_domains/2026-08-27/statistical_replication_stage2_mcts_eval/20649854_Ev_counters_counters_mcts_orig_vh_e.5_c.1_s1963100312_K0_SR10M_src20430427_e0000.txt,30,../problems/numeric/counters/vanilla/fz_instance_31.pddl,unsolved,17116.41,False,10000,0,0,0
,counters-on-1963100312-stage2-mcts_eval-primary-narrow-w5-i20,counters,stage2,on,1963100312,fixed_narrow_w5,20,20649854,TIMEOUT,/home/hersco/training_new_domains/2026-08-27/statistical_replication_stage2_mcts_eval/20649854_Ev_counters_counters_mcts_orig_vh_e.5_c.1_s1963100312_K0_SR10M_src20430427_e0000.txt,31,../problems/numeric/counters/vanilla/fz_instance_32.pddl,timeout,21600.0,False,-1,0,0,0
,counters-on-1963100312-stage2-mcts_eval-primary-narrow-w5-i20,counters,stage2,on,1963100312,fixed_narrow_w5,20,20649854,TIMEOUT,/home/hersco/training_new_domains/2026-08-27/statistical_replication_stage2_mcts_eval/20649854_Ev_counters_counters_mcts_orig_vh_e.5_c.1_s1963100312_K0_SR10M_src20430427_e0000.txt,32,../problems/numeric/counters/vanilla/fz_instance_33.pddl,timeout,21600.0,False,-1,0,0,0
,counters-on-1963100312-stage2-mcts_eval-primary-narrow-w5-i20,counters,stage2,on,1963100312,fixed_narrow_w5,20,20649854,TIMEOUT,/home/hersco/training_new_domains/2026-08-27/statistical_replication_stage2_mcts_eval/20649854_Ev_counters_counters_mcts_orig_vh_e.5_c.1_s1963100312_K0_SR10M_src20430427_e0000.txt,33,../problems/numeric/counters/vanilla/fz_instance_34.pddl,timeout,21600.0,False,-1,0,0,0
,counters-on-1963100312-stage2-mcts_eval-primary-narrow-w5-i20,counters,stage2,on,1963100312,fixed_narrow_w5,20,20649854,TIMEOUT,/home/hersco/training_new_domains/2026-08-27/statistical_replication_stage2_mcts_eval/20649854_Ev_counters_counters_mcts_orig_vh_e.5_c.1_s1963100312_K0_SR10M_src20430427_e0000.txt,34,../problems/numeric/counters/vanilla/fz_instance_35.pddl,timeout,21600.0,False,-1,0,0,0
,counters-on-1963100312-stage2-mcts_eval-primary-narrow-w5-i20,counters,stage2,on,1963100312,fixed_narrow_w5,20,20649854,TIMEOUT,/home/hersco/training_new_domains/2026-08-27/statistical_replication_stage2_mcts_eval/20649854_Ev_counters_counters_mcts_orig_vh_e.5_c.1_s1963100312_K0_SR10M_src20430427_e0000.txt,35,../problems/numeric/counters/vanilla/fz_instance_36.pddl,timeout,21600.0,False,-1,0,0,0
,counters-on-1963100312-stage2-mcts_eval-primary-narrow-w5-i20,counters,stage2,on,1963100312,fixed_narrow_w5,20,20649854,TIMEOUT,/home/hersco/training_new_domains/2026-08-27/statistical_replication_stage2_mcts_eval/20649854_Ev_counters_counters_mcts_orig_vh_e.5_c.1_s1963100312_K0_SR10M_src20430427_e0000.txt,36,../problems/numeric/counters/vanilla/fz_instance_37.pddl,timeout,21600.0,False,-1,0,0,0
,counters-on-1963100312-stage2-mcts_eval-primary-narrow-w5-i20,counters,stage2,on,1963100312,fixed_narrow_w5,20,20649854,TIMEOUT,/home/hersco/training_new_domains/2026-08-27/statistical_replication_stage2_mcts_eval/20649854_Ev_counters_counters_mcts_orig_vh_e.5_c.1_s1963100312_K0_SR10M_src20430427_e0000.txt,37,../problems/numeric/counters/vanilla/fz_instance_38.pddl,timeout,21600.0,False,-1,0,0,0
,counters-on-1963100312-stage2-mcts_eval-primary-narrow-w5-i20,counters,stage2,on,1963100312,fixed_narrow_w5,20,20649854,TIMEOUT,/home/hersco/training_new_domains/2026-08-27/statistical_replication_stage2_mcts_eval/20649854_Ev_counters_counters_mcts_orig_vh_e.5_c.1_s1963100312_K0_SR10M_src20430427_e0000.txt,38,../problems/numeric/counters/vanilla/fz_instance_39.pddl,timeout,21600.0,False,-1,0,0,0
,counters-on-1963100312-stage2-mcts_eval-primary-narrow-w5-i20,counters,stage2,on,1963100312,fixed_narrow_w5,20,20649854,TIMEOUT,/home/hersco/training_new_domains/2026-08-27/statistical_replication_stage2_mcts_eval/20649854_Ev_counters_counters_mcts_orig_vh_e.5_c.1_s1963100312_K0_SR10M_src20430427_e0000.txt,39,../problems/numeric/counters/vanilla/fz_instance_40.pddl,timeout,21600.0,False,-1,0,0,0
,counters-on-1963100312-stage2-mcts_eval-primary-narrow-w5-i20,counters,stage2,on,1963100312,fixed_narrow_w5,20,20649854,TIMEOUT,/home/hersco/training_new_domains/2026-08-27/statistical_replication_stage2_mcts_eval/20649854_Ev_counters_counters_mcts_orig_vh_e.5_c.1_s1963100312_K0_SR10M_src20430427_e0000.txt,40,../problems/numeric/counters/vanilla/fz_instance_41.pddl,timeout,21600.0,False,-1,0,0,0
,counters-on-1963100312-stage2-mcts_eval-primary-narrow-w5-i20,counters,stage2,on,1963100312,fixed_narrow_w5,20,20649854,TIMEOUT,/home/hersco/training_new_domains/2026-08-27/statistical_replication_stage2_mcts_eval/20649854_Ev_counters_counters_mcts_orig_vh_e.5_c.1_s1963100312_K0_SR10M_src20430427_e0000.txt,41,../problems/numeric/counters/vanilla/fz_instance_42.pddl,timeout,21600.0,False,-1,0,0,0
,counters-on-1963100312-stage2-mcts_eval-primary-narrow-w5-i20,counters,stage2,on,1963100312,fixed_narrow_w5,20,20649854,TIMEOUT,/home/hersco/training_new_domains/2026-08-27/statistical_replication_stage2_mcts_eval/20649854_Ev_counters_counters_mcts_orig_vh_e.5_c.1_s1963100312_K0_SR10M_src20430427_e0000.txt,42,../problems/numeric/counters/vanilla/fz_instance_43.pddl,timeout,21600.0,False,-1,0,0,0
,counters-on-1963100312-stage2-mcts_eval-primary-narrow-w5-i20,counters,stage2,on,1963100312,fixed_narrow_w5,20,20649854,TIMEOUT,/home/hersco/training_new_domains/2026-08-27/statistical_replication_stage2_mcts_eval/20649854_Ev_counters_counters_mcts_orig_vh_e.5_c.1_s1963100312_K0_SR10M_src20430427_e0000.txt,43,../problems/numeric/counters/vanilla/fz_instance_44.pddl,timeout,21600.0,False,-1,0,0,0
,counters-on-1963100312-stage2-mcts_eval-primary-narrow-w5-i20,counters,stage2,on,1963100312,fixed_narrow_w5,20,20649854,TIMEOUT,/home/hersco/training_new_domains/2026-08-27/statistical_replication_stage2_mcts_eval/20649854_Ev_counters_counters_mcts_orig_vh_e.5_c.1_s1963100312_K0_SR10M_src20430427_e0000.txt,44,../problems/numeric/counters/vanilla/fz_instance_45.pddl,timeout,21600.0,False,-1,0,0,0
,counters-on-1963100312-stage2-mcts_eval-primary-narrow-w5-i20,counters,stage2,on,1963100312,fixed_narrow_w5,20,20649854,TIMEOUT,/home/hersco/training_new_domains/2026-08-27/statistical_replication_stage2_mcts_eval/20649854_Ev_counters_counters_mcts_orig_vh_e.5_c.1_s1963100312_K0_SR10M_src20430427_e0000.txt,45,../problems/numeric/counters/vanilla/fz_instance_46.pddl,timeout,21600.0,False,-1,0,0,0
,counters-on-1963100312-stage2-mcts_eval-primary-narrow-w5-i20,counters,stage2,on,1963100312,fixed_narrow_w5,20,20649854,TIMEOUT,/home/hersco/training_new_domains/2026-08-27/statistical_replication_stage2_mcts_eval/20649854_Ev_counters_counters_mcts_orig_vh_e.5_c.1_s1963100312_K0_SR10M_src20430427_e0000.txt,46,../problems/numeric/counters/vanilla/fz_instance_47.pddl,timeout,21600.0,False,-1,0,0,0
,counters-on-1963100312-stage2-mcts_eval-primary-narrow-w5-i20,counters,stage2,on,1963100312,fixed_narrow_w5,20,20649854,TIMEOUT,/home/hersco/training_new_domains/2026-08-27/statistical_replication_stage2_mcts_eval/20649854_Ev_counters_counters_mcts_orig_vh_e.5_c.1_s1963100312_K0_SR10M_src20430427_e0000.txt,47,../problems/numeric/counters/vanilla/fz_instance_48.pddl,timeout,21600.0,False,-1,0,0,0
,counters-on-1963100312-stage2-mcts_eval-primary-narrow-w5-i20,counters,stage2,on,1963100312,fixed_narrow_w5,20,20649854,TIMEOUT,/home/hersco/training_new_domains/2026-08-27/statistical_replication_stage2_mcts_eval/20649854_Ev_counters_counters_mcts_orig_vh_e.5_c.1_s1963100312_K0_SR10M_src20430427_e0000.txt,48,../problems/numeric/counters/vanilla/fz_instance_49.pddl,timeout,21600.0,False,-1,0,0,0
,counters-on-1963100312-stage2-mcts_eval-primary-narrow-w5-i20,counters,stage2,on,1963100312,fixed_narrow_w5,20,20649854,TIMEOUT,/home/hersco/training_new_domains/2026-08-27/statistical_replication_stage2_mcts_eval/20649854_Ev_counters_counters_mcts_orig_vh_e.5_c.1_s1963100312_K0_SR10M_src20430427_e0000.txt,49,../problems/numeric/counters/vanilla/fz_instance_50.pddl,timeout,21600.0,False,-1,0,0,0
,counters-on-1963100312-stage2-mcts_eval-primary-narrow-w5-i20,counters,stage2,on,1963100312,fixed_narrow_w5,20,20649854,TIMEOUT,/home/hersco/training_new_domains/2026-08-27/statistical_replication_stage2_mcts_eval/20649854_Ev_counters_counters_mcts_orig_vh_e.5_c.1_s1963100312_K0_SR10M_src20430427_e0000.txt,50,../problems/numeric/counters/vanilla/fz_instance_51.pddl,timeout,21600.0,False,-1,0,0,0
,counters-on-1963100312-stage2-mcts_eval-primary-narrow-w5-i20,counters,stage2,on,1963100312,fixed_narrow_w5,20,20649854,TIMEOUT,/home/hersco/training_new_domains/2026-08-27/statistical_replication_stage2_mcts_eval/20649854_Ev_counters_counters_mcts_orig_vh_e.5_c.1_s1963100312_K0_SR10M_src20430427_e0000.txt,51,../problems/numeric/counters/vanilla/fz_instance_52.pddl,timeout,21600.0,False,-1,0,0,0
,counters-on-1963100312-stage2-mcts_eval-primary-narrow-w5-i20,counters,stage2,on,1963100312,fixed_narrow_w5,20,20649854,TIMEOUT,/home/hersco/training_new_domains/2026-08-27/statistical_replication_stage2_mcts_eval/20649854_Ev_counters_counters_mcts_orig_vh_e.5_c.1_s1963100312_K0_SR10M_src20430427_e0000.txt,52,../problems/numeric/counters/vanilla/fz_instance_53.pddl,timeout,21600.0,False,-1,0,0,0
,counters-on-1963100312-stage2-mcts_eval-primary-narrow-w5-i20,counters,stage2,on,1963100312,fixed_narrow_w5,20,20649854,TIMEOUT,/home/hersco/training_new_domains/2026-08-27/statistical_replication_stage2_mcts_eval/20649854_Ev_counters_counters_mcts_orig_vh_e.5_c.1_s1963100312_K0_SR10M_src20430427_e0000.txt,53,../problems/numeric/counters/vanilla/fz_instance_54.pddl,timeout,21600.0,False,-1,0,0,0
,counters-on-1963100312-stage2-mcts_eval-primary-narrow-w5-i20,counters,stage2,on,1963100312,fixed_narrow_w5,20,20649854,TIMEOUT,/home/hersco/training_new_domains/2026-08-27/statistical_replication_stage2_mcts_eval/20649854_Ev_counters_counters_mcts_orig_vh_e.5_c.1_s1963100312_K0_SR10M_src20430427_e0000.txt,54,../problems/numeric/counters/vanilla/fz_instance_55.pddl,timeout,21600.0,False,-1,0,0,0
,counters-on-1963100312-stage2-mcts_eval-primary-narrow-w5-i20,counters,stage2,on,1963100312,fixed_narrow_w5,20,20649854,TIMEOUT,/home/hersco/training_new_domains/2026-08-27/statistical_replication_stage2_mcts_eval/20649854_Ev_counters_counters_mcts_orig_vh_e.5_c.1_s1963100312_K0_SR10M_src20430427_e0000.txt,55,../problems/numeric/counters/vanilla/fz_instance_56.pddl,timeout,21600.0,False,-1,0,0,0
,counters-on-1963100312-stage2-mcts_eval-primary-narrow-w5-i20,counters,stage2,on,1963100312,fixed_narrow_w5,20,20649854,TIMEOUT,/home/hersco/training_new_domains/2026-08-27/statistical_replication_stage2_mcts_eval/20649854_Ev_counters_counters_mcts_orig_vh_e.5_c.1_s1963100312_K0_SR10M_src20430427_e0000.txt,56,../problems/numeric/counters/vanilla/fz_instance_57.pddl,timeout,21600.0,False,-1,0,0,0
,counters-on-1510771779-stage2-mcts_eval-primary-narrow-w5-i20,counters,stage2,on,1510771779,fixed_narrow_w5,20,20649861,OUT_OF_MEMORY,/home/hersco/training_new_domains/2026-08-27/statistical_replication_stage2_mcts_eval/20649861_Ev_counters_counters_mcts_orig_vh_e.5_c.1_s1510771779_K0_SR10M_src20430434_e0000.txt,1,../problems/numeric/counters/vanilla/fz_instance_2.pddl,success,7.53,True,1,1,1,1
,counters-on-1510771779-stage2-mcts_eval-primary-narrow-w5-i20,counters,stage2,on,1510771779,fixed_narrow_w5,20,20649861,OUT_OF_MEMORY,/home/hersco/training_new_domains/2026-08-27/statistical_replication_stage2_mcts_eval/20649861_Ev_counters_counters_mcts_orig_vh_e.5_c.1_s1510771779_K0_SR10M_src20430434_e0000.txt,2,../problems/numeric/counters/vanilla/fz_instance_3.pddl,success,8.54,True,3,1,1,1
,counters-on-1510771779-stage2-mcts_eval-primary-narrow-w5-i20,counters,stage2,on,1510771779,fixed_narrow_w5,20,20649861,OUT_OF_MEMORY,/home/hersco/training_new_domains/2026-08-27/statistical_replication_stage2_mcts_eval/20649861_Ev_counters_counters_mcts_orig_vh_e.5_c.1_s1510771779_K0_SR10M_src20430434_e0000.txt,3,../problems/numeric/counters/vanilla/fz_instance_4.pddl,success,9.04,True,8,1,1,1
,counters-on-1510771779-stage2-mcts_eval-primary-narrow-w5-i20,counters,stage2,on,1510771779,fixed_narrow_w5,20,20649861,OUT_OF_MEMORY,/home/hersco/training_new_domains/2026-08-27/statistical_replication_stage2_mcts_eval/20649861_Ev_counters_counters_mcts_orig_vh_e.5_c.1_s1510771779_K0_SR10M_src20430434_e0000.txt,4,../problems/numeric/counters/vanilla/fz_instance_5.pddl,success,10.05,True,20,1,1,1
,counters-on-1510771779-stage2-mcts_eval-primary-narrow-w5-i20,counters,stage2,on,1510771779,fixed_narrow_w5,20,20649861,OUT_OF_MEMORY,/home/hersco/training_new_domains/2026-08-27/statistical_replication_stage2_mcts_eval/20649861_Ev_counters_counters_mcts_orig_vh_e.5_c.1_s1510771779_K0_SR10M_src20430434_e0000.txt,5,../problems/numeric/counters/vanilla/fz_instance_6.pddl,success,14.06,True,35,1,1,1
,counters-on-1510771779-stage2-mcts_eval-primary-narrow-w5-i20,counters,stage2,on,1510771779,fixed_narrow_w5,20,20649861,OUT_OF_MEMORY,/home/hersco/training_new_domains/2026-08-27/statistical_replication_stage2_mcts_eval/20649861_Ev_counters_counters_mcts_orig_vh_e.5_c.1_s1510771779_K0_SR10M_src20430434_e0000.txt,6,../problems/numeric/counters/vanilla/fz_instance_7.pddl,success,22.33,True,85,1,1,1
,counters-on-1510771779-stage2-mcts_eval-primary-narrow-w5-i20,counters,stage2,on,1510771779,fixed_narrow_w5,20,20649861,OUT_OF_MEMORY,/home/hersco/training_new_domains/2026-08-27/statistical_replication_stage2_mcts_eval/20649861_Ev_counters_counters_mcts_orig_vh_e.5_c.1_s1510771779_K0_SR10M_src20430434_e0000.txt,7,../problems/numeric/counters/vanilla/fz_instance_8.pddl,success,26.08,True,100,1,1,1
,counters-on-1510771779-stage2-mcts_eval-primary-narrow-w5-i20,counters,stage2,on,1510771779,fixed_narrow_w5,20,20649861,OUT_OF_MEMORY,/home/hersco/training_new_domains/2026-08-27/statistical_replication_stage2_mcts_eval/20649861_Ev_counters_counters_mcts_orig_vh_e.5_c.1_s1510771779_K0_SR10M_src20430434_e0000.txt,8,../problems/numeric/counters/vanilla/fz_instance_9.pddl,success,22.32,True,80,1,1,1
,counters-on-1510771779-stage2-mcts_eval-primary-narrow-w5-i20,counters,stage2,on,1510771779,fixed_narrow_w5,20,20649861,OUT_OF_MEMORY,/home/hersco/training_new_domains/2026-08-27/statistical_replication_stage2_mcts_eval/20649861_Ev_counters_counters_mcts_orig_vh_e.5_c.1_s1510771779_K0_SR10M_src20430434_e0000.txt,9,../problems/numeric/counters/vanilla/fz_instance_10.pddl,success,34.35,True,171,1,1,1
,counters-on-1510771779-stage2-mcts_eval-primary-narrow-w5-i20,counters,stage2,on,1510771779,fixed_narrow_w5,20,20649861,OUT_OF_MEMORY,/home/hersco/training_new_domains/2026-08-27/statistical_replication_stage2_mcts_eval/20649861_Ev_counters_counters_mcts_orig_vh_e.5_c.1_s1510771779_K0_SR10M_src20430434_e0000.txt,10,../problems/numeric/counters/vanilla/fz_instance_11.pddl,success,205.18,True,1110,1,1,1
,counters-on-1510771779-stage2-mcts_eval-primary-narrow-w5-i20,counters,stage2,on,1510771779,fixed_narrow_w5,20,20649861,OUT_OF_MEMORY,/home/hersco/training_new_domains/2026-08-27/statistical_replication_stage2_mcts_eval/20649861_Ev_counters_counters_mcts_orig_vh_e.5_c.1_s1510771779_K0_SR10M_src20430434_e0000.txt,11,../problems/numeric/counters/vanilla/fz_instance_12.pddl,success,110.46,True,654,1,1,1
,counters-on-1510771779-stage2-mcts_eval-primary-narrow-w5-i20,counters,stage2,on,1510771779,fixed_narrow_w5,20,20649861,OUT_OF_MEMORY,/home/hersco/training_new_domains/2026-08-27/statistical_replication_stage2_mcts_eval/20649861_Ev_counters_counters_mcts_orig_vh_e.5_c.1_s1510771779_K0_SR10M_src20430434_e0000.txt,12,../problems/numeric/counters/vanilla/fz_instance_13.pddl,success,169.32,True,971,1,1,1
,counters-on-1510771779-stage2-mcts_eval-primary-narrow-w5-i20,counters,stage2,on,1510771779,fixed_narrow_w5,20,20649861,OUT_OF_MEMORY,/home/hersco/training_new_domains/2026-08-27/statistical_replication_stage2_mcts_eval/20649861_Ev_counters_counters_mcts_orig_vh_e.5_c.1_s1510771779_K0_SR10M_src20430434_e0000.txt,13,../problems/numeric/counters/vanilla/fz_instance_14.pddl,success,160.65,True,804,1,1,1
,counters-on-1510771779-stage2-mcts_eval-primary-narrow-w5-i20,counters,stage2,on,1510771779,fixed_narrow_w5,20,20649861,OUT_OF_MEMORY,/home/hersco/training_new_domains/2026-08-27/statistical_replication_stage2_mcts_eval/20649861_Ev_counters_counters_mcts_orig_vh_e.5_c.1_s1510771779_K0_SR10M_src20430434_e0000.txt,14,../problems/numeric/counters/vanilla/fz_instance_15.pddl,success,229.3,True,1071,1,1,1
,counters-on-1510771779-stage2-mcts_eval-primary-narrow-w5-i20,counters,stage2,on,1510771779,fixed_narrow_w5,20,20649861,OUT_OF_MEMORY,/home/hersco/training_new_domains/2026-08-27/statistical_replication_stage2_mcts_eval/20649861_Ev_counters_counters_mcts_orig_vh_e.5_c.1_s1510771779_K0_SR10M_src20430434_e0000.txt,15,../problems/numeric/counters/vanilla/fz_instance_16.pddl,success,188.58,True,1072,1,1,1
,counters-on-1510771779-stage2-mcts_eval-primary-narrow-w5-i20,counters,stage2,on,1510771779,fixed_narrow_w5,20,20649861,OUT_OF_MEMORY,/home/hersco/training_new_domains/2026-08-27/statistical_replication_stage2_mcts_eval/20649861_Ev_counters_counters_mcts_orig_vh_e.5_c.1_s1510771779_K0_SR10M_src20430434_e0000.txt,16,../problems/numeric/counters/vanilla/fz_instance_17.pddl,success,208.92,True,1044,1,1,1
,counters-on-1510771779-stage2-mcts_eval-primary-narrow-w5-i20,counters,stage2,on,1510771779,fixed_narrow_w5,20,20649861,OUT_OF_MEMORY,/home/hersco/training_new_domains/2026-08-27/statistical_replication_stage2_mcts_eval/20649861_Ev_counters_counters_mcts_orig_vh_e.5_c.1_s1510771779_K0_SR10M_src20430434_e0000.txt,17,../problems/numeric/counters/vanilla/fz_instance_18.pddl,success,1371.2,True,3589,1,1,1
,counters-on-1510771779-stage2-mcts_eval-primary-narrow-w5-i20,counters,stage2,on,1510771779,fixed_narrow_w5,20,20649861,OUT_OF_MEMORY,/home/hersco/training_new_domains/2026-08-27/statistical_replication_stage2_mcts_eval/20649861_Ev_counters_counters_mcts_orig_vh_e.5_c.1_s1510771779_K0_SR10M_src20430434_e0000.txt,18,../problems/numeric/counters/vanilla/fz_instance_19.pddl,success,329.85,True,1407,1,1,1
,counters-on-1510771779-stage2-mcts_eval-primary-narrow-w5-i20,counters,stage2,on,1510771779,fixed_narrow_w5,20,20649861,OUT_OF_MEMORY,/home/hersco/training_new_domains/2026-08-27/statistical_replication_stage2_mcts_eval/20649861_Ev_counters_counters_mcts_orig_vh_e.5_c.1_s1510771779_K0_SR10M_src20430434_e0000.txt,19,../problems/numeric/counters/vanilla/fz_instance_20.pddl,success,307.71,True,1362,1,1,1
,counters-on-1510771779-stage2-mcts_eval-primary-narrow-w5-i20,counters,stage2,on,1510771779,fixed_narrow_w5,20,20649861,OUT_OF_MEMORY,/home/hersco/training_new_domains/2026-08-27/statistical_replication_stage2_mcts_eval/20649861_Ev_counters_counters_mcts_orig_vh_e.5_c.1_s1510771779_K0_SR10M_src20430434_e0000.txt,20,../problems/numeric/counters/vanilla/fz_instance_21.pddl,success,663.92,True,1838,1,1,1
,counters-on-1510771779-stage2-mcts_eval-primary-narrow-w5-i20,counters,stage2,on,1510771779,fixed_narrow_w5,20,20649861,OUT_OF_MEMORY,/home/hersco/training_new_domains/2026-08-27/statistical_replication_stage2_mcts_eval/20649861_Ev_counters_counters_mcts_orig_vh_e.5_c.1_s1510771779_K0_SR10M_src20430434_e0000.txt,21,../problems/numeric/counters/vanilla/fz_instance_22.pddl,success,438.83,True,1339,1,1,1
,counters-on-1510771779-stage2-mcts_eval-primary-narrow-w5-i20,counters,stage2,on,1510771779,fixed_narrow_w5,20,20649861,OUT_OF_MEMORY,/home/hersco/training_new_domains/2026-08-27/statistical_replication_stage2_mcts_eval/20649861_Ev_counters_counters_mcts_orig_vh_e.5_c.1_s1510771779_K0_SR10M_src20430434_e0000.txt,22,../problems/numeric/counters/vanilla/fz_instance_23.pddl,unsolved,10550.18,False,10000,0,0,0
,counters-on-1510771779-stage2-mcts_eval-primary-narrow-w5-i20,counters,stage2,on,1510771779,fixed_narrow_w5,20,20649861,OUT_OF_MEMORY,/home/hersco/training_new_domains/2026-08-27/statistical_replication_stage2_mcts_eval/20649861_Ev_counters_counters_mcts_orig_vh_e.5_c.1_s1510771779_K0_SR10M_src20430434_e0000.txt,23,../problems/numeric/counters/vanilla/fz_instance_24.pddl,success,2707.77,True,5154,0,1,1
,counters-on-1510771779-stage2-mcts_eval-primary-narrow-w5-i20,counters,stage2,on,1510771779,fixed_narrow_w5,20,20649861,OUT_OF_MEMORY,/home/hersco/training_new_domains/2026-08-27/statistical_replication_stage2_mcts_eval/20649861_Ev_counters_counters_mcts_orig_vh_e.5_c.1_s1510771779_K0_SR10M_src20430434_e0000.txt,24,../problems/numeric/counters/vanilla/fz_instance_25.pddl,unsolved,6044.93,False,10000,0,0,0
,counters-on-1510771779-stage2-mcts_eval-primary-narrow-w5-i20,counters,stage2,on,1510771779,fixed_narrow_w5,20,20649861,OUT_OF_MEMORY,/home/hersco/training_new_domains/2026-08-27/statistical_replication_stage2_mcts_eval/20649861_Ev_counters_counters_mcts_orig_vh_e.5_c.1_s1510771779_K0_SR10M_src20430434_e0000.txt,25,../problems/numeric/counters/vanilla/fz_instance_26.pddl,unsolved,15270.48,False,10000,0,0,0
,counters-on-1510771779-stage2-mcts_eval-primary-narrow-w5-i20,counters,stage2,on,1510771779,fixed_narrow_w5,20,20649861,OUT_OF_MEMORY,/home/hersco/training_new_domains/2026-08-27/statistical_replication_stage2_mcts_eval/20649861_Ev_counters_counters_mcts_orig_vh_e.5_c.1_s1510771779_K0_SR10M_src20430434_e0000.txt,26,../problems/numeric/counters/vanilla/fz_instance_27.pddl,unsolved,17897.01,False,10000,0,0,0
,counters-on-1510771779-stage2-mcts_eval-primary-narrow-w5-i20,counters,stage2,on,1510771779,fixed_narrow_w5,20,20649861,OUT_OF_MEMORY,/home/hersco/training_new_domains/2026-08-27/statistical_replication_stage2_mcts_eval/20649861_Ev_counters_counters_mcts_orig_vh_e.5_c.1_s1510771779_K0_SR10M_src20430434_e0000.txt,27,../problems/numeric/counters/vanilla/fz_instance_28.pddl,unsolved,8820.21,False,10000,0,0,0
,counters-on-1510771779-stage2-mcts_eval-primary-narrow-w5-i20,counters,stage2,on,1510771779,fixed_narrow_w5,20,20649861,OUT_OF_MEMORY,/home/hersco/training_new_domains/2026-08-27/statistical_replication_stage2_mcts_eval/20649861_Ev_counters_counters_mcts_orig_vh_e.5_c.1_s1510771779_K0_SR10M_src20430434_e0000.txt,28,../problems/numeric/counters/vanilla/fz_instance_29.pddl,timeout,21600.0,False,-1,0,0,0
,counters-on-1510771779-stage2-mcts_eval-primary-narrow-w5-i20,counters,stage2,on,1510771779,fixed_narrow_w5,20,20649861,OUT_OF_MEMORY,/home/hersco/training_new_domains/2026-08-27/statistical_replication_stage2_mcts_eval/20649861_Ev_counters_counters_mcts_orig_vh_e.5_c.1_s1510771779_K0_SR10M_src20430434_e0000.txt,29,../problems/numeric/counters/vanilla/fz_instance_30.pddl,timeout,21600.0,False,-1,0,0,0
,counters-on-1510771779-stage2-mcts_eval-primary-narrow-w5-i20,counters,stage2,on,1510771779,fixed_narrow_w5,20,20649861,OUT_OF_MEMORY,/home/hersco/training_new_domains/2026-08-27/statistical_replication_stage2_mcts_eval/20649861_Ev_counters_counters_mcts_orig_vh_e.5_c.1_s1510771779_K0_SR10M_src20430434_e0000.txt,30,../problems/numeric/counters/vanilla/fz_instance_31.pddl,timeout,21600.0,False,-1,0,0,0
,counters-on-1510771779-stage2-mcts_eval-primary-narrow-w5-i20,counters,stage2,on,1510771779,fixed_narrow_w5,20,20649861,OUT_OF_MEMORY,/home/hersco/training_new_domains/2026-08-27/statistical_replication_stage2_mcts_eval/20649861_Ev_counters_counters_mcts_orig_vh_e.5_c.1_s1510771779_K0_SR10M_src20430434_e0000.txt,31,../problems/numeric/counters/vanilla/fz_instance_32.pddl,timeout,21600.0,False,-1,0,0,0
,counters-on-1510771779-stage2-mcts_eval-primary-narrow-w5-i20,counters,stage2,on,1510771779,fixed_narrow_w5,20,20649861,OUT_OF_MEMORY,/home/hersco/training_new_domains/2026-08-27/statistical_replication_stage2_mcts_eval/20649861_Ev_counters_counters_mcts_orig_vh_e.5_c.1_s1510771779_K0_SR10M_src20430434_e0000.txt,32,../problems/numeric/counters/vanilla/fz_instance_33.pddl,timeout,21600.0,False,-1,0,0,0
,counters-on-1510771779-stage2-mcts_eval-primary-narrow-w5-i20,counters,stage2,on,1510771779,fixed_narrow_w5,20,20649861,OUT_OF_MEMORY,/home/hersco/training_new_domains/2026-08-27/statistical_replication_stage2_mcts_eval/20649861_Ev_counters_counters_mcts_orig_vh_e.5_c.1_s1510771779_K0_SR10M_src20430434_e0000.txt,33,../problems/numeric/counters/vanilla/fz_instance_34.pddl,timeout,21600.0,False,-1,0,0,0
,counters-on-1510771779-stage2-mcts_eval-primary-narrow-w5-i20,counters,stage2,on,1510771779,fixed_narrow_w5,20,20649861,OUT_OF_MEMORY,/home/hersco/training_new_domains/2026-08-27/statistical_replication_stage2_mcts_eval/20649861_Ev_counters_counters_mcts_orig_vh_e.5_c.1_s1510771779_K0_SR10M_src20430434_e0000.txt,34,../problems/numeric/counters/vanilla/fz_instance_35.pddl,timeout,21600.0,False,-1,0,0,0
,counters-on-1510771779-stage2-mcts_eval-primary-narrow-w5-i20,counters,stage2,on,1510771779,fixed_narrow_w5,20,20649861,OUT_OF_MEMORY,/home/hersco/training_new_domains/2026-08-27/statistical_replication_stage2_mcts_eval/20649861_Ev_counters_counters_mcts_orig_vh_e.5_c.1_s1510771779_K0_SR10M_src20430434_e0000.txt,35,../problems/numeric/counters/vanilla/fz_instance_36.pddl,timeout,21600.0,False,-1,0,0,0
,counters-on-1510771779-stage2-mcts_eval-primary-narrow-w5-i20,counters,stage2,on,1510771779,fixed_narrow_w5,20,20649861,OUT_OF_MEMORY,/home/hersco/training_new_domains/2026-08-27/statistical_replication_stage2_mcts_eval/20649861_Ev_counters_counters_mcts_orig_vh_e.5_c.1_s1510771779_K0_SR10M_src20430434_e0000.txt,36,../problems/numeric/counters/vanilla/fz_instance_37.pddl,timeout,21600.0,False,-1,0,0,0
,counters-on-1510771779-stage2-mcts_eval-primary-narrow-w5-i20,counters,stage2,on,1510771779,fixed_narrow_w5,20,20649861,OUT_OF_MEMORY,/home/hersco/training_new_domains/2026-08-27/statistical_replication_stage2_mcts_eval/20649861_Ev_counters_counters_mcts_orig_vh_e.5_c.1_s1510771779_K0_SR10M_src20430434_e0000.txt,37,../problems/numeric/counters/vanilla/fz_instance_38.pddl,timeout,21600.0,False,-1,0,0,0
,counters-on-1510771779-stage2-mcts_eval-primary-narrow-w5-i20,counters,stage2,on,1510771779,fixed_narrow_w5,20,20649861,OUT_OF_MEMORY,/home/hersco/training_new_domains/2026-08-27/statistical_replication_stage2_mcts_eval/20649861_Ev_counters_counters_mcts_orig_vh_e.5_c.1_s1510771779_K0_SR10M_src20430434_e0000.txt,38,../problems/numeric/counters/vanilla/fz_instance_39.pddl,timeout,21600.0,False,-1,0,0,0
,counters-on-1510771779-stage2-mcts_eval-primary-narrow-w5-i20,counters,stage2,on,1510771779,fixed_narrow_w5,20,20649861,OUT_OF_MEMORY,/home/hersco/training_new_domains/2026-08-27/statistical_replication_stage2_mcts_eval/20649861_Ev_counters_counters_mcts_orig_vh_e.5_c.1_s1510771779_K0_SR10M_src20430434_e0000.txt,39,../problems/numeric/counters/vanilla/fz_instance_40.pddl,timeout,21600.0,False,-1,0,0,0
,counters-on-1510771779-stage2-mcts_eval-primary-narrow-w5-i20,counters,stage2,on,1510771779,fixed_narrow_w5,20,20649861,OUT_OF_MEMORY,/home/hersco/training_new_domains/2026-08-27/statistical_replication_stage2_mcts_eval/20649861_Ev_counters_counters_mcts_orig_vh_e.5_c.1_s1510771779_K0_SR10M_src20430434_e0000.txt,40,../problems/numeric/counters/vanilla/fz_instance_41.pddl,timeout,21600.0,False,-1,0,0,0
,counters-on-1510771779-stage2-mcts_eval-primary-narrow-w5-i20,counters,stage2,on,1510771779,fixed_narrow_w5,20,20649861,OUT_OF_MEMORY,/home/hersco/training_new_domains/2026-08-27/statistical_replication_stage2_mcts_eval/20649861_Ev_counters_counters_mcts_orig_vh_e.5_c.1_s1510771779_K0_SR10M_src20430434_e0000.txt,41,../problems/numeric/counters/vanilla/fz_instance_42.pddl,timeout,21600.0,False,-1,0,0,0
,counters-on-1510771779-stage2-mcts_eval-primary-narrow-w5-i20,counters,stage2,on,1510771779,fixed_narrow_w5,20,20649861,OUT_OF_MEMORY,/home/hersco/training_new_domains/2026-08-27/statistical_replication_stage2_mcts_eval/20649861_Ev_counters_counters_mcts_orig_vh_e.5_c.1_s1510771779_K0_SR10M_src20430434_e0000.txt,42,../problems/numeric/counters/vanilla/fz_instance_43.pddl,timeout,21600.0,False,-1,0,0,0
,counters-on-1510771779-stage2-mcts_eval-primary-narrow-w5-i20,counters,stage2,on,1510771779,fixed_narrow_w5,20,20649861,OUT_OF_MEMORY,/home/hersco/training_new_domains/2026-08-27/statistical_replication_stage2_mcts_eval/20649861_Ev_counters_counters_mcts_orig_vh_e.5_c.1_s1510771779_K0_SR10M_src20430434_e0000.txt,43,../problems/numeric/counters/vanilla/fz_instance_44.pddl,timeout,21600.0,False,-1,0,0,0
,counters-on-1510771779-stage2-mcts_eval-primary-narrow-w5-i20,counters,stage2,on,1510771779,fixed_narrow_w5,20,20649861,OUT_OF_MEMORY,/home/hersco/training_new_domains/2026-08-27/statistical_replication_stage2_mcts_eval/20649861_Ev_counters_counters_mcts_orig_vh_e.5_c.1_s1510771779_K0_SR10M_src20430434_e0000.txt,45,../problems/numeric/counters/vanilla/fz_instance_46.pddl,timeout,21600.0,False,-1,0,0,0
,counters-on-1510771779-stage2-mcts_eval-primary-narrow-w5-i20,counters,stage2,on,1510771779,fixed_narrow_w5,20,20649861,OUT_OF_MEMORY,/home/hersco/training_new_domains/2026-08-27/statistical_replication_stage2_mcts_eval/20649861_Ev_counters_counters_mcts_orig_vh_e.5_c.1_s1510771779_K0_SR10M_src20430434_e0000.txt,46,../problems/numeric/counters/vanilla/fz_instance_47.pddl,timeout,21600.0,False,-1,0,0,0
,counters-on-1510771779-stage2-mcts_eval-primary-narrow-w5-i20,counters,stage2,on,1510771779,fixed_narrow_w5,20,20649861,OUT_OF_MEMORY,/home/hersco/training_new_domains/2026-08-27/statistical_replication_stage2_mcts_eval/20649861_Ev_counters_counters_mcts_orig_vh_e.5_c.1_s1510771779_K0_SR10M_src20430434_e0000.txt,47,../problems/numeric/counters/vanilla/fz_instance_48.pddl,timeout,21600.0,False,-1,0,0,0
,counters-on-1510771779-stage2-mcts_eval-primary-narrow-w5-i20,counters,stage2,on,1510771779,fixed_narrow_w5,20,20649861,OUT_OF_MEMORY,/home/hersco/training_new_domains/2026-08-27/statistical_replication_stage2_mcts_eval/20649861_Ev_counters_counters_mcts_orig_vh_e.5_c.1_s1510771779_K0_SR10M_src20430434_e0000.txt,48,../problems/numeric/counters/vanilla/fz_instance_49.pddl,timeout,21600.0,False,-1,0,0,0
,counters-on-1510771779-stage2-mcts_eval-primary-narrow-w5-i20,counters,stage2,on,1510771779,fixed_narrow_w5,20,20649861,OUT_OF_MEMORY,/home/hersco/training_new_domains/2026-08-27/statistical_replication_stage2_mcts_eval/20649861_Ev_counters_counters_mcts_orig_vh_e.5_c.1_s1510771779_K0_SR10M_src20430434_e0000.txt,49,../problems/numeric/counters/vanilla/fz_instance_50.pddl,timeout,21600.0,False,-1,0,0,0
,counters-on-1510771779-stage2-mcts_eval-primary-narrow-w5-i20,counters,stage2,on,1510771779,fixed_narrow_w5,20,20649861,OUT_OF_MEMORY,/home/hersco/training_new_domains/2026-08-27/statistical_replication_stage2_mcts_eval/20649861_Ev_counters_counters_mcts_orig_vh_e.5_c.1_s1510771779_K0_SR10M_src20430434_e0000.txt,50,../problems/numeric/counters/vanilla/fz_instance_51.pddl,timeout,21600.0,False,-1,0,0,0
,counters-on-1510771779-stage2-mcts_eval-primary-narrow-w5-i20,counters,stage2,on,1510771779,fixed_narrow_w5,20,20649861,OUT_OF_MEMORY,/home/hersco/training_new_domains/2026-08-27/statistical_replication_stage2_mcts_eval/20649861_Ev_counters_counters_mcts_orig_vh_e.5_c.1_s1510771779_K0_SR10M_src20430434_e0000.txt,52,../problems/numeric/counters/vanilla/fz_instance_53.pddl,timeout,21600.0,False,-1,0,0,0
,counters-on-1510771779-stage2-mcts_eval-primary-narrow-w5-i20,counters,stage2,on,1510771779,fixed_narrow_w5,20,20649861,OUT_OF_MEMORY,/home/hersco/training_new_domains/2026-08-27/statistical_replication_stage2_mcts_eval/20649861_Ev_counters_counters_mcts_orig_vh_e.5_c.1_s1510771779_K0_SR10M_src20430434_e0000.txt,53,../problems/numeric/counters/vanilla/fz_instance_54.pddl,timeout,21600.0,False,-1,0,0,0
,counters-on-1510771779-stage2-mcts_eval-primary-narrow-w5-i20,counters,stage2,on,1510771779,fixed_narrow_w5,20,20649861,OUT_OF_MEMORY,/home/hersco/training_new_domains/2026-08-27/statistical_replication_stage2_mcts_eval/20649861_Ev_counters_counters_mcts_orig_vh_e.5_c.1_s1510771779_K0_SR10M_src20430434_e0000.txt,54,../problems/numeric/counters/vanilla/fz_instance_55.pddl,timeout,21600.0,False,-1,0,0,0
,counters-on-1510771779-stage2-mcts_eval-primary-narrow-w5-i20,counters,stage2,on,1510771779,fixed_narrow_w5,20,20649861,OUT_OF_MEMORY,/home/hersco/training_new_domains/2026-08-27/statistical_replication_stage2_mcts_eval/20649861_Ev_counters_counters_mcts_orig_vh_e.5_c.1_s1510771779_K0_SR10M_src20430434_e0000.txt,55,../problems/numeric/counters/vanilla/fz_instance_56.pddl,timeout,21600.0,False,-1,0,0,0
,counters-on-1510771779-stage2-mcts_eval-primary-narrow-w5-i20,counters,stage2,on,1510771779,fixed_narrow_w5,20,20649861,OUT_OF_MEMORY,/home/hersco/training_new_domains/2026-08-27/statistical_replication_stage2_mcts_eval/20649861_Ev_counters_counters_mcts_orig_vh_e.5_c.1_s1510771779_K0_SR10M_src20430434_e0000.txt,56,../problems/numeric/counters/vanilla/fz_instance_57.pddl,timeout,21600.0,False,-1,0,0,0
,counters-on-1510771779-stage2-mcts_eval-primary-narrow-w5-i20,counters,stage2,on,1510771779,fixed_narrow_w5,20,20649861,OUT_OF_MEMORY,/home/hersco/training_new_domains/2026-08-27/statistical_replication_stage2_mcts_eval/20649861_Ev_counters_counters_mcts_orig_vh_e.5_c.1_s1510771779_K0_SR10M_src20430434_e0000.txt,57,../problems/numeric/counters/vanilla/fz_instance_58.pddl,timeout,21600.0,False,-1,0,0,0
,counters-on-1510771779-stage2-mcts_eval-primary-narrow-w5-i20,counters,stage2,on,1510771779,fixed_narrow_w5,20,20649861,OUT_OF_MEMORY,/home/hersco/training_new_domains/2026-08-27/statistical_replication_stage2_mcts_eval/20649861_Ev_counters_counters_mcts_orig_vh_e.5_c.1_s1510771779_K0_SR10M_src20430434_e0000.txt,58,../problems/numeric/counters/vanilla/fz_instance_59.pddl,timeout,21600.0,False,-1,0,0,0
,counters-on-1510771779-stage2-mcts_eval-primary-narrow-w5-i20,counters,stage2,on,1510771779,fixed_narrow_w5,20,20649861,OUT_OF_MEMORY,/home/hersco/training_new_domains/2026-08-27/statistical_replication_stage2_mcts_eval/20649861_Ev_counters_counters_mcts_orig_vh_e.5_c.1_s1510771779_K0_SR10M_src20430434_e0000.txt,59,../problems/numeric/counters/vanilla/fz_instance_60.pddl,timeout,21600.0,False,-1,0,0,0
